CASE_ID,ACCIDENT_YEAR,PROC_DATE,JURIS,COLLISION_DATE,COLLISION_TIME,OFFICER_ID,REPORTING_DISTRICT,DAY_OF_WEEK,CHP_SHIFT,POPULATION,CNTY_CITY_LOC,SPECIAL_COND,BEAT_TYPE,CHP_BEAT_TYPE,CITY_DIVISION_LAPD,CHP_BEAT_CLASS,BEAT_NUMBER,PRIMARY_RD,SECONDARY_RD,DISTANCE,DIRECTION,INTERSECTION,WEATHER_1,WEATHER_2,STATE_HWY_IND,CALTRANS_COUNTY,CALTRANS_DISTRICT,STATE_ROUTE,ROUTE_SUFFIX,POSTMILE_PREFIX,POSTMILE,LOCATION_TYPE,RAMP_INTERSECTION,SIDE_OF_HWY,TOW_AWAY,COLLISION_SEVERITY,NUMBER_KILLED,NUMBER_INJURED,PARTY_COUNT,PRIMARY_COLL_FACTOR,PCF_CODE_OF_VIOL,PCF_VIOL_CATEGORY,PCF_VIOLATION,PCF_VIOL_SUBSECTION,HIT_AND_RUN,TYPE_OF_COLLISION,MVIW,PED_ACTION,ROAD_SURFACE,ROAD_COND_1,ROAD_COND_2,LIGHTING,CONTROL_DEVICE,CHP_ROAD_TYPE,PEDESTRIAN_ACCIDENT,BICYCLE_ACCIDENT,MOTORCYCLE_ACCIDENT,TRUCK_ACCIDENT,NOT_PRIVATE_PROPERTY,ALCOHOL_INVOLVED,STWD_VEHTYPE_AT_FAULT,CHP_VEHTYPE_AT_FAULT,COUNT_SEVERE_INJ,COUNT_VISIBLE_INJ,COUNT_COMPLAINT_PAIN,COUNT_PED_KILLED,COUNT_PED_INJURED,COUNT_BICYCLIST_KILLED,COUNT_BICYCLIST_INJURED,COUNT_MC_KILLED,COUNT_MC_INJURED,PRIMARY_RAMP,SECONDARY_RAMP,LATITUDE,LONGITUDE
5174359,2011,20121011,101,20110517,1431,97,ALAME,2,5,5,101,0,0,0,,0,,HORNET AV,SKYHAWK ST,256,,N,B,-,N,,,,,,,,,,N,0,0,0,2,A,-,21,22106,,M,D,E,A,A,H,-,A,D,0,,,,,Y,,D,,0,0,0,0,0,0,0,0,0,-,-,,
5174363,2011,20121022,101,20110516,1934,44,,1,5,5,101,0,0,0,,0,,CENTRAL AVE,WEBSTER ST,278,,N,C,-,Y,ALA,4,61,-,-,21.92,H,-,S,N,0,0,0,2,A,-,8,22107,,N,B,C,A,B,H,-,A,D,0,,,,,Y,,A,1,0,0,0,0,0,0,0,0,0,-,-,,
5177462,2011,20120510,101,20110429,1901,59,,5,5,5,101,0,0,0,,0,,PARK ST,CLEMENT AV,0,,Y,A,-,N,,,,,,,,,,N,4,0,1,2,A,-,9,21453,B,N,D,G,A,A,H,-,A,A,0,,Y,,,Y,,A,,0,0,1,0,0,0,1,0,0,-,-,,
5177681,2011,20130131,101,20110505,1651,16,,4,5,5,101,0,0,0,,0,,RT 61,ISLAND DR,0,,Y,A,-,Y,ALA,4,61,-,-,18.51,H,-,N,Y,4,0,1,2,A,-,3,22350,,N,C,C,A,A,H,-,A,A,0,,,,,Y,,D,,0,0,1,0,0,0,0,0,0,-,-,,
5177685,2011,20130129,101,20110513,1706,59,,5,5,5,101,0,0,0,,0,,RT 61,BROADWAY,0,,Y,A,-,Y,ALA,4,61,-,-,19.44,I,6,S,N,0,0,0,1,A,-,8,22107,,N,B,I,A,A,H,-,A,A,0,,,,Y,Y,,F,,0,0,0,0,0,0,0,0,0,-,-,,
5177697,2011,20121001,101,20110523,1533,36,ALAME,1,5,5,101,0,0,0,,0,,OAK ST,SAN ANTONIO AV,134,S,N,A,-,N,,,,,,,,,,N,0,0,0,2,-,-,- ,,,N,B,E,A,A,H,-,A,D,0,,,,,Y,,-,- ,0,0,0,0,0,0,0,0,0,-,-,,
5177705,2011,20120926,101,20110501,1639,36,ALAME,7,5,5,101,0,0,0,,0,,OTIS DR,PARK ST,209,W,N,A,-,N,,,,,,,,,,N,0,0,0,2,A,-,3,22350,,M,C,C,A,A,H,-,A,D,0,,,,,Y,,D,22,0,0,0,0,0,0,0,0,0,-,-,,
5182809,2011,20120803,101,20110515,215,52,ALAME,7,5,5,101,0,0,0,,0,4,ISLAND DR,ROBERT DAVEY JR RD,530,S,N,-,-,N,,,,,,,,,,Y,3,0,2,1,A,-,1,23152,,N,E,I,A,-,-,-,D,D,0,,,,Y,Y,Y,F,,0,1,1,0,0,0,0,0,0,-,-,,
5182813,2011,20121002,101,20110522,2500,56,ALAME,7,5,5,101,0,0,0,,0,,FERNSIDE BL,SAN JOSE AV,30,S,N,A,-,N,,,,,,,,,,N,0,0,0,1,A,-,8,22107,,M,E,I,A,A,H,-,C,D,0,,,,,Y,,-,99,0,0,0,0,0,0,0,0,0,-,-,,
5182817,2011,20121002,101,20110514,1357,12,ALAME,6,5,5,101,0,0,0,,0,3,LINCOLN AV,WILLOW ST,476,E,N,B,-,N,,,,,,,,,,N,0,0,0,2,A,-,21,22106,,M,B,E,A,A,H,-,A,D,0,,,,,Y,,A,,0,0,0,0,0,0,0,0,0,-,-,,
5182841,2011,20121002,101,20110509,2158,57,ALAME,1,5,5,101,0,0,0,,0,ALAMED,VAN BUREN ST,VERSAILLES AV,18,E,N,A,-,N,,,,,,,,,,N,0,0,0,2,A,-,8,22107,,M,A,E,A,A,H,-,C,D,0,,,,,Y,,A,,0,0,0,0,0,0,0,0,0,-,-,,
5182845,2011,20121002,101,20110522,2500,82,ALAME,7,5,5,101,0,0,0,,0,3,FERNSIDE BL,SAN JOSE AV,17,S,N,A,-,N,,,,,,,,,,N,0,0,0,1,A,-,8,22107,,M,B,I,A,A,H,-,A,A,0,,,,,Y,,-,- ,0,0,0,0,0,0,0,0,0,-,-,,
5182849,2011,20121002,101,20110519,726,88,,4,5,5,101,0,0,0,,0,,HARBOR BAY PKWY,RON COWAN PKWY,0,,Y,A,-,N,,,,,,,,,,N,0,0,0,2,A,-,12,21453,A,N,D,C,A,-,-,-,A,A,0,,,,,Y,,-,- ,0,0,0,0,0,0,0,0,0,-,-,,
5182853,2011,20121002,101,20110519,2500,MAYO,,4,5,5,101,0,0,0,,0,,EAGLE AV,HIBBARD ST,69,E,N,A,-,N,,,,,,,,,,N,0,0,0,2,A,-,21,22106,,M,B,E,A,A,H,-,A,D,0,,,,,Y,,-,99,0,0,0,0,0,0,0,0,0,-,-,,
5182857,2011,20121002,101,20110519,2500,MA40,,4,5,5,101,0,0,0,,0,,KITTY HAWK RD,N SHORELINE,15,N,N,A,-,N,,,,,,,,,,N,0,0,0,2,A,-,8,22107,,M,B,E,A,A,H,-,A,D,0,,,,,Y,,-,99,0,0,0,0,0,0,0,0,0,-,-,,
5182861,2011,20121002,101,20110519,1048,68,ALAME,4,5,5,101,0,0,0,,0,,LINCOLN AV,MINTURN ST,47,W,N,A,-,N,,,,,,,,,,N,0,0,0,2,A,-,3,22350,,N,C,C,A,-,H,-,A,D,0,,,,,Y,,A,,0,0,0,0,0,0,0,0,0,-,-,,
5182865,2011,20120803,101,20110519,2202,28,ALAME,4,5,5,101,0,0,0,,0,3,LINCOLN AV,OAK ST,0,,Y,A,-,N,,,,,,,,,,N,3,0,1,2,A,-,17,21451,A,N,G,B,B,A,H,-,C,A,0,Y,,,,Y,,-,,0,1,0,0,1,0,0,0,0,-,-,,
5182869,2011,20121002,101,20110520,1947,90,,5,5,5,101,0,0,0,,0,,SANTA CLARA AV,SHERMAN ST,0,,Y,A,-,N,,,,,,,,,,Y,0,0,0,2,A,-,12,22450,,M,D,C,A,A,H,-,A,D,0,,,,,Y,,-,- ,0,0,0,0,0,0,0,0,0,-,-,,
5182873,2011,20130122,101,20110521,920,10,ALAME,6,5,5,101,0,0,0,,0,ALAMED,ATLANTIC AV,WEBSTER ST,154,E,N,A,-,N,,,,,,,,,,N,0,0,0,2,A,-,9,21804,A,N,D,C,A,A,H,-,A,A,0,,,,,Y,,A,1,0,0,0,0,0,0,0,0,0,-,-,,
5184531,2011,20121127,101,20110606,834,78,243,1,5,5,101,0,0,0,,0,,LINCOLN AV,CHESTNUT ST,221,E,N,B,-,N,,,,,,,,,,Y,0,0,0,2,A,-,17,22517,,N,B,E,A,A,H,-,A,D,0,,,,,Y,,A,8,0,0,0,0,0,0,0,0,0,-,-,,
5184535,2011,20121127,101,20110603,2008,16,,5,5,5,101,0,0,0,,0,,BROADWAY,LINCOLN AV,0,,Y,A,-,N,,,,,,,,,,N,0,0,0,2,A,-,9,21802,A,N,D,C,A,A,H,-,B,A,0,,,,,Y,,D,22,0,0,0,0,0,0,0,0,0,-,-,,
5185204,2011,20130117,101,20110512,1741,16,,4,5,5,101,0,0,0,,0,3,OTIS DR,WILLOW ST,419,E,N,A,-,N,,,,,,,,,,N,0,0,0,2,A,-,9,21804,A,N,D,C,A,A,H,-,A,D,0,,,,,Y,,A,1,0,0,0,0,0,0,0,0,0,-,-,,
5185208,2011,20120823,101,20110511,1537,16,,3,5,5,101,0,0,0,,0,,ISLAND DR,MCCARTNEY RD,0,,Y,A,-,N,,,,,,,,,,N,4,0,1,2,A,-,10,21950,A,N,D,B,B,A,H,-,A,B,0,Y,,,,Y,,A,,0,0,1,0,1,0,0,0,0,-,-,,
5185212,2011,20120810,101,20110510,1909,33,210,2,5,5,101,0,0,0,,0,ALAME,CLEMENT AV,LAFAYETTE ST,80,E,N,A,-,N,,,,,,,,,,N,3,0,1,2,A,-,8,22107,,N,B,E,A,A,H,-,A,A,0,,Y,,,Y,,L,,0,1,0,0,0,0,1,0,0,-,-,,
5185262,2011,20121019,101,20110510,1749,33,221,2,5,5,101,0,0,0,,0,ALAMED,LINCOLN AV,W STANTON ST,91,W,N,A,-,N,,,,,,,,,,N,0,0,0,2,A,-,3,22350,,N,C,C,A,A,H,-,A,A,0,,,,,Y,,A,,0,0,0,0,0,0,0,0,0,-,-,,
5185270,2011,20120719,101,20110509,2003,44,,1,5,5,101,0,0,0,,0,,MAIN ST,WILLIE STARGELL AV,0,,Y,A,-,N,,,,,,,,,,Y,4,0,1,2,A,-,9,21801,A,N,D,C,A,A,H,-,A,A,0,,,,,Y,,A,,0,0,1,0,0,0,0,0,0,-,-,,
5185275,2011,20121023,101,20110507,2500,70,ALAME,6,5,5,101,0,0,0,,0,,PARK AV,N PARK ST,392,N,N,A,-,N,,,,,,,,,,N,0,0,0,2,A,-,21,22106,,M,B,E,A,A,H,-,A,D,0,,,,,Y,,A,,0,0,0,0,0,0,0,0,0,-,-,,
5185279,2011,20121023,101,20110506,1524,60,243,5,5,5,101,0,0,0,,0,2,CENTRAL AV,CHESTNUT ST,0,,Y,A,-,N,,,,,,,,,,N,0,0,0,2,A,-,9,21802,A,N,D,C,A,A,H,-,A,A,0,,,,,Y,,A,8,0,0,0,0,0,0,0,0,0,-,-,,
5185363,2011,20120807,101,20110513,1744,59,,5,5,5,101,0,0,0,,0,,SHORELINE DR,PARK ST,586,E,N,A,-,N,,,,,,,,,,N,3,0,1,2,A,-,11,21954,A,N,G,B,D,A,H,-,A,D,0,Y,,,,Y,Y,N,,0,1,0,0,1,0,0,0,0,-,-,,
5185367,2011,20121002,101,20110515,1320,12,ALAME,7,5,5,101,0,0,0,,0,,SANTA CLARA AV,OAK ST,8,E,N,B,-,N,,,,,,,,,,N,0,0,0,2,A,-,12,21453,A,N,D,C,A,A,H,-,A,A,0,,,,,Y,,A,,0,0,0,0,0,0,0,0,0,-,-,,
5185391,2011,20121002,101,20110511,1848,59,,3,5,5,101,0,0,0,,0,,PARK ST,EAGLE AV,0,,Y,A,-,N,,,,,,,,,,N,0,0,0,2,A,-,9,21801,A,N,B,C,A,A,H,-,A,A,0,,,,,Y,Y,A,1,0,0,0,0,0,0,0,0,0,-,-,,
5185395,2011,20121008,101,20110517,1412,96,ALAME,2,5,5,101,0,0,0,,0,,LINCOLN AV,OAK ST,86,E,N,B,-,N,,,,,,,,,,N,0,0,0,2,A,-,21,22106,,N,D,C,A,B,H,-,A,D,0,,,,,Y,,A,1,0,0,0,0,0,0,0,0,0,-,-,,
5185402,2011,20121002,101,20110518,1313,68,ALAME,3,5,5,101,0,0,0,,0,,ENCINAL AV,CHESTNUT ST,35,W,N,A,-,N,,,,,,,,,,N,0,0,0,2,A,-,3,22350,,N,C,C,A,A,H,-,A,A,0,,,,,Y,,A,,0,0,0,0,0,0,0,0,0,-,-,,
5185406,2011,20120807,101,20110518,1354,94,,3,5,5,101,0,0,0,,0,,LINCOLN AV,PARK ST,25,W,N,B,-,N,,,,,,,,,,N,4,0,1,2,A,-,3,22350,,N,C,C,A,A,H,-,A,A,0,,,,,Y,,A,,0,0,1,0,0,0,0,0,0,-,-,,
5185430,2011,20121008,101,20110517,1922,47,,2,5,5,101,0,0,0,,0,3,OAK ST,ENCINAL AV,51,N,N,B,-,N,,,,,,,,,,N,0,0,0,2,A,-,8,22107,,N,B,E,A,B,H,-,A,D,0,,,,,Y,,-,- ,0,0,0,0,0,0,0,0,0,-,-,,
5185434,2011,20121005,101,20110517,2036,47,ALAME,2,5,5,101,0,0,0,,0,3,SAN ANTONIO AV,W OAK ST,455,W,N,B,-,N,,,,,,,,,,N,0,0,0,2,A,-,9,21804,A,N,D,G,A,B,H,-,C,D,0,,Y,,,Y,,A,1,0,0,0,0,0,0,0,0,0,-,-,,
5185438,2011,20121004,101,20110518,655,88,,3,5,5,101,0,0,0,,0,,FERNSIDE BL,PEARL ST,0,,Y,B,-,N,,,,,,,,,,N,0,0,0,2,A,-,9,21802,A,N,D,C,A,B,-,-,A,A,0,,,,,Y,,A,,0,0,0,0,0,0,0,0,0,-,-,,
5187174,2011,20121010,101,20110526,1039,86,,4,5,5,101,0,0,0,,0,1,BUENA VISTA AV,WEBSTER ST,73,W,N,A,-,N,,,,,,,,,,N,0,0,0,2,A,-,9,21804,A,N,D,C,A,A,C,-,A,A,0,,,,,Y,,A,,0,0,0,0,0,0,0,0,0,-,-,,
5187178,2011,20120808,101,20110523,1530,78,318,1,5,5,101,0,0,0,,0,,SAN JOSE AV,PARK AV,10,E,N,A,-,N,,,,,,,,,,Y,4,0,1,2,A,-,9,21802,A,N,D,C,A,A,H,-,A,A,0,,,,,Y,,A,,0,0,1,0,0,0,0,0,0,-,-,,
5187182,2011,20121022,101,20110523,1609,70,,1,5,5,101,0,0,0,,0,,RT 61,W PEACH ST,91,W,N,A,-,Y,ALA,4,61,-,-,18.97,H,-,N,N,0,0,0,2,A,-,8,22107,,N,B,C,A,A,H,-,A,D,0,,,,,Y,,A,1,0,0,0,0,0,0,0,0,0,-,-,,
5187186,2011,20121010,101,20110524,1506,94,,2,5,5,101,0,0,0,,0,,ALAMEDA AV,WALNUT ST,0,,Y,A,-,N,,,,,,,,,,N,0,0,0,2,A,-,9,21802,A,N,D,C,A,A,H,-,A,D,0,,,,,Y,,A,1,0,0,0,0,0,0,0,0,0,-,-,,
5187190,2011,20120808,101,20110524,1722,59,,2,5,5,101,0,0,0,,0,,SHORELINE DR,SHELL GATE RD,335,W,N,A,-,N,,,,,,,,,,N,3,0,1,2,A,-,11,21950,B,N,D,B,D,A,H,-,A,D,0,Y,,,,Y,,N,,0,1,0,0,1,0,0,0,0,-,-,,
5189667,2011,20110729,101,20110516,1553,70,326,1,5,5,101,0,0,0,,0,,SANTA CLARA AV,EVERETT ST,0,,Y,C,-,N,,,,,,,,,,Y,1,1,0,2,A,-,9,21804,A,N,H,G,A,B,H,-,A,D,0,,Y,,,Y,,L,,0,0,0,0,0,1,0,0,0,-,-,,
5189762,2011,20130326,101,20110501,1656,33,413,7,5,5,101,0,0,0,,0,,MECARTNEY RD,IRONWOOD RD,9,W,N,A,-,N,,,,,,,,,,Y,1,1,0,2,A,-,10,21950,A,N,G,B,B,A,H,-,A,A,0,Y,,,,Y,Y,A,,0,0,0,1,0,0,0,0,0,-,-,,
5190338,2011,20121120,101,20110607,1221,78,305,2,5,5,101,0,0,0,,0,,LINCOLN AV,PARK ST,250,W,N,A,-,N,,,,,,,,,,N,0,0,0,1,A,-,21,22106,,N,E,I,A,A,H,-,A,D,0,,,,Y,Y,,F,26,0,0,0,0,0,0,0,0,0,-,-,,
5190342,2011,20121120,101,20110608,835,60,333,3,5,5,101,0,0,0,,0,3,CENTRAL AV,GROVE ST,0,,Y,B,-,N,,,,,,,,,,Y,0,0,0,4,A,-,9,21802,A,N,D,C,A,A,H,-,A,A,0,,,,,Y,,A,1,0,0,0,0,0,0,0,0,0,-,-,,
5190346,2011,20121227,101,20110608,1108,94,,3,5,5,101,0,0,0,,0,,RT 61,WEBER ST,108,E,N,A,-,Y,ALA,4,61,-,-,21.54,H,-,S,N,0,0,0,2,A,-,8,22107,,M,B,E,A,A,H,-,A,D,0,,,,,Y,,I,,0,0,0,0,0,0,0,0,0,-,-,,
5190350,2011,20130207,101,20110610,830,MA40,,5,5,5,101,0,0,0,,0,,ALAMEDA AV,CHESTNUT ST,0,,Y,B,-,N,,,,,,,,,,Y,0,0,0,4,A,-,9,21802,A,N,D,C,A,A,H,-,A,A,0,,,,,Y,,A,,0,0,0,0,0,0,0,0,0,-,-,,
5190354,2011,20130311,101,20110610,1400,88,,5,5,5,101,0,0,0,,0,,TILDEN WY,FERNSIDE BL,10,N,N,A,-,N,,,,,,,,,,N,0,0,0,2,A,-,3,22350,,M,C,C,A,A,H,-,A,A,0,,,,,Y,Y,A,,0,0,0,0,0,0,0,0,0,-,-,,
5190358,2011,20121120,101,20110614,1045,65,,2,5,5,101,0,0,0,,0,,TYNAN AV,MARINER SQUARE DR,22,E,N,A,-,N,,,,,,,,,,N,0,0,0,1,A,-,8,22107,,N,A,I,A,A,H,-,A,D,0,,,,,Y,,-,- ,0,0,0,0,0,0,0,0,0,-,-,,
5190362,2011,20121120,101,20110614,1551,60,219,2,5,5,101,0,0,0,,0,2,SHERMAN ST,PACIFIC AV,0,,Y,A,-,N,,,,,,,,,,N,0,0,0,3,A,-,9,21802,A,N,D,C,A,A,H,-,A,A,0,,,,,Y,,A,1,0,0,0,0,0,0,0,0,0,-,-,,
5191022,2011,20120912,101,20110430,2500,70,ALAME,6,5,5,101,0,0,0,,0,,OTIS DR,VERSAILLES AV,158,E,N,A,-,N,,,,,,,,,,N,0,0,0,2,A,-,8,22107,,M,B,E,A,A,H,-,A,D,0,,,,,Y,,-,,0,0,0,0,0,0,0,0,0,-,-,,
5192163,2011,20121227,101,20110531,1723,49,ALAME,2,5,5,101,0,0,0,,0,2,RT 61,MORTON ST,0,,Y,A,-,Y,ALA,4,61,-,-,21.22,I,5,N,N,4,0,1,2,A,-,9,21802,A,N,D,C,A,A,H,-,A,A,0,,,,,Y,,A,,0,0,1,0,0,0,0,0,0,-,-,,
5192191,2011,20121010,101,20110531,1303,12,ALAME,2,5,5,101,0,0,0,,0,3,PARK ST,LINCOLN AV,93,S,N,C,-,N,,,,,,,,,,N,0,0,0,2,A,-,8,22107,,N,C,C,A,B,H,-,A,D,0,,,,,Y,,A,,0,0,0,0,0,0,0,0,0,-,-,,
5192312,2011,20121019,101,20110524,1725,44,,2,5,5,101,0,0,0,,0,,SANTA CLARA AV,BAY ST,33,W,N,A,-,N,,,,,,,,,,N,0,0,0,2,A,-,3,22350,,N,C,C,A,A,H,-,A,D,0,,,,,Y,,A,1,0,0,0,0,0,0,0,0,0,-,-,,
5192316,2011,20121009,101,20110525,1006,94,,3,5,5,101,0,0,0,,0,,PARK ST,CLEMENT AV,60,S,N,B,-,N,,,,,,,,,,N,0,0,0,2,A,-,8,22107,,M,B,C,A,A,H,-,A,D,0,,,,,Y,,A,,0,0,0,0,0,0,0,0,0,-,-,,
5193030,2011,20121031,101,20110615,2500,63,ALAME,3,5,5,101,0,0,0,,0,ALAMED,BROADWAY,OTIS DR,90,S,N,B,-,N,,,,,,,,,,N,0,0,0,2,A,-,8,22107,,M,B,E,A,A,H,-,A,D,0,,,,,Y,,M,,0,0,0,0,0,0,0,0,0,-,-,,
5193034,2011,20121107,101,20110617,101,58,ALAME,5,5,5,101,0,0,0,,0,3,CLEMENT AV,PARK ST,0,,Y,A,-,N,,,,,,,,,,N,0,0,0,2,A,-,9,21801,A,N,D,C,A,A,H,-,A,A,0,,,,,Y,,A,1,0,0,0,0,0,0,0,0,0,-,-,,
5196336,2011,20121120,101,20110610,1814,94,,5,5,5,101,0,0,0,,0,,SAN ANTONIO AV,SHERMAN ST,93,W,N,A,-,N,,,,,,,,,,N,0,0,0,1,A,-,21,22106,,N,E,I,A,A,H,-,B,D,0,,,,Y,Y,,F,26,0,0,0,0,0,0,0,0,0,-,-,,
5196340,2011,20121120,101,20110627,1256,36,,1,5,5,101,0,0,0,,0,ALAMED,BUENA VISTA AV,OAK ST,10,W,N,A,-,N,,,,,,,,,,N,0,0,0,1,A,-,8,22107,,N,B,I,A,A,H,-,A,A,0,,,,Y,Y,,G,,0,0,0,0,0,0,0,0,0,-,-,,
5202027,2011,20121003,101,20110515,29,49,,7,5,5,101,0,0,0,,0,,PARK ST,CENTRAL AV,73,N,N,C,-,N,,,,,,,,,,Y,0,0,0,2,A,-,1,23152,A,N,C,C,A,B,H,-,C,D,0,,,,,Y,Y,A,,0,0,0,0,0,0,0,0,0,-,-,,
5202914,2011,20121008,101,20110513,2500,64,ALAME,5,5,5,101,0,0,0,,0,,SANTA CLARA AV,5TH ST,82,E,N,A,-,N,,,,,,,,,,N,0,0,0,2,A,-,8,22107,,M,B,C,A,A,H,-,A,D,0,,,,,Y,Y,-,99,0,0,0,0,0,0,0,0,0,-,-,,
5203153,2011,20120913,101,20110411,1639,33,,1,5,5,101,0,0,0,,0,,SAND BEACH RD,SHORELINE DR,150,N,N,A,-,N,,,,,,,,,,N,0,0,0,2,A,-,8,22107,,M,B,E,A,A,H,-,A,A,0,,,,,Y,,-,99,0,0,0,0,0,0,0,0,0,-,-,,
5203211,2011,20130205,101,20110603,1102,58,ALAME,5,5,5,101,0,0,0,,0,3,CENTRAL AV,VERSAILLES AV,0,,Y,B,-,N,,,,,,,,,,N,0,0,0,2,A,-,9,21802,A,N,D,C,A,A,H,-,A,D,0,,,,,Y,,-,- ,0,0,0,0,0,0,0,0,0,-,-,,
5203215,2011,20130205,101,20110603,1305,97,ALAME,5,5,5,101,0,0,0,,0,,SAN ANTONIO AV,MORTON ST,45,W,N,B,-,N,,,,,,,,,,Y,0,0,0,3,A,-,8,22107,,N,A,E,A,A,H,-,A,D,0,,,,,Y,,A,,0,0,0,0,0,0,0,0,0,-,-,,
5203219,2011,20130205,101,20110604,2500,12,ALAME,6,5,5,101,0,0,0,,0,ALAMED,MOUND ST,JACKSON ST,142,S,N,C,-,N,,,,,,,,,,N,0,0,0,1,C,-,18,,,M,E,I,A,B,H,-,C,D,0,,,,,Y,,-,- ,0,0,0,0,0,0,0,0,0,-,-,,
5203223,2011,20121011,101,20110605,2343,42,3,7,5,5,101,0,0,0,,0,3,PARK ST,TIMES WY,0,S,N,A,-,N,,,,,,,,,,Y,3,0,1,1,A,-,1,23152,A,N,E,I,A,A,H,-,C,D,0,,,,,Y,Y,A,,0,1,0,0,0,0,0,0,0,-,-,,
5203227,2011,20130205,101,20110604,949,82,ALAME,6,5,5,101,0,0,0,,0,3,PARK ST,BLANDING AV,260,N,N,C,-,N,,,,,,,,,,Y,0,0,0,2,A,-,8,22107,,N,D,C,A,B,H,-,A,D,0,,,,,Y,,A,,0,0,0,0,0,0,0,0,0,-,-,,
5203231,2011,20130102,101,20110604,1408,36,,6,5,5,101,0,0,0,,0,,ENCINAL AV,RT 61,27,E,N,B,-,Y,ALA,4,61,-,-,19.84,I,5,S,N,0,0,0,2,A,-,3,22350,,N,C,C,A,B,H,-,A,A,0,,,,,Y,,A,,0,0,0,0,0,0,0,0,0,-,-,,
5203243,2011,20130205,101,20110602,1702,68,,4,5,5,101,0,0,0,,0,,SANTA CLARA AV,SHERMAN ST,102,W,N,A,-,N,,,,,,,,,,N,0,0,0,2,A,-,21,22106,,N,B,E,A,A,H,-,A,D,0,,,,,Y,,A,,0,0,0,0,0,0,0,0,0,-,-,,
5207779,2011,20121119,101,20110623,1224,58,ALAME,4,5,5,101,0,0,0,,0,3,LINCOLN AV,PARK ST,0,,Y,A,-,N,,,,,,,,,,N,0,0,0,2,A,-,9,21801,A,N,A,C,A,A,H,-,A,A,0,,,,,Y,,A,,0,0,0,0,0,0,0,0,0,-,-,,
5207783,2011,20121119,101,20110622,1318,88,,3,5,5,101,0,0,0,,0,,ISLAND DR,ROBERT DAVEY,642,N,N,A,-,N,,,,,,,,,,N,0,0,0,2,C,-,18,,,N,A,J,A,A,G,-,A,D,0,,,,Y,Y,,-,- ,0,0,0,0,0,0,0,0,0,-,-,,
5207787,2011,20130222,101,20110702,1235,12,ALAME,6,5,5,101,0,0,0,,0,ALAMED,FERNSIDE BL,OTIS DR,117,N,N,A,-,N,,,,,,,,,,N,0,0,0,2,A,-,3,22350,,N,C,C,A,A,H,-,A,D,0,,,,,Y,,A,,0,0,0,0,0,0,0,0,0,-,-,,
5209567,2011,20121005,101,20110517,247,56,ALAME,2,5,5,101,0,0,0,,0,,LINCOLN AV,E OAK ST,191,E,N,B,-,N,,,,,,,,,,Y,0,0,0,1,E,-,24,,,N,E,I,A,A,H,-,C,D,0,,,,,Y,,A,,0,0,0,0,0,0,0,0,0,-,-,,
5209580,2011,20121005,101,20110501,1652,42,ALAME,7,5,5,101,0,0,0,,0,3,OAK ST,N ENCINAL AV,27,N,N,A,-,N,,,,,,,,,,N,0,0,0,2,A,-,3,22350,,M,C,C,A,A,H,-,A,A,0,,,,,Y,,A,,0,0,0,0,0,0,0,0,0,-,-,,
5209707,2011,20121001,101,20110513,1209,68,,5,5,5,101,0,0,0,,0,,BUENA VISTA AV,STANFORD ST,94,E,N,A,-,N,,,,,,,,,,N,0,0,0,4,A,-,16,24002,,N,H,E,A,A,H,-,A,D,0,,,,,Y,,A,1,0,0,0,0,0,0,0,0,0,-,-,,
5209711,2011,20121001,101,20110514,1619,33,232,6,5,5,101,0,0,0,,0,,WESTLINE DR,SHOREPOINT CT,106,N,N,A,-,N,,,,,,,,,,N,0,0,0,2,A,-,21,22106,,N,C,E,A,A,H,-,A,A,0,,,,,Y,,A,1,0,0,0,0,0,0,0,0,0,-,-,,
5215924,2011,20130212,101,20110706,755,MAYO,,3,5,5,101,0,0,0,,0,,8TH ST,TAYLOR AV,105,S,N,A,-,N,,,,,,,,,,N,0,0,0,2,A,-,8,22107,,M,B,E,A,A,H,-,A,D,0,,,,,Y,,D,22,0,0,0,0,0,0,0,0,0,-,-,,
5215928,2011,20121101,101,20110721,1208,60,218,4,5,5,101,0,0,0,,0,2,LINCOLN AV,BAY ST,0,,Y,A,-,N,,,,,,,,,,N,4,0,1,2,A,-,10,21950,A,N,G,B,B,A,H,-,A,A,0,Y,,,,Y,,D,,0,0,1,0,1,0,0,0,0,-,-,,
5215948,2011,20130212,101,20110720,920,60,318,3,5,5,101,0,0,0,,0,3,PARK AV,SAN JOSE AV,216,S,N,A,-,N,,,,,,,,,,N,0,0,0,2,A,-,13,22515,A,N,C,E,A,A,H,-,A,D,0,,,,,Y,,D,,0,0,0,0,0,0,0,0,0,-,-,,
5217318,2011,20120808,101,20110528,1613,82,,6,5,5,101,0,0,0,,0,3,LINCOLN AV,PARK ST,15,W,N,A,-,N,,,,,,,,,,N,4,0,1,2,A,-,11,21954,A,N,B,B,E,A,H,-,A,D,0,Y,,,,Y,,N,,0,0,1,0,1,0,0,0,0,-,-,,
5218086,2011,20121109,101,20110622,1435,58,ALAME,3,5,5,101,0,0,0,,0,3,CLEMENT AV,BROADWAY,0,,Y,A,-,N,,,,,,,,,,Y,0,0,0,2,A,-,8,22100,A,N,D,C,A,A,H,-,A,D,0,,,,,Y,,A,,0,0,0,0,0,0,0,0,0,-,-,,
5221121,2011,20121116,101,20110626,2500,96,101,7,5,5,101,0,0,0,,0,,ENCINAL AV,WILLOW ST,200,W,N,A,-,N,,,,,,,,,,N,0,0,0,2,A,-,21,22106,,M,C,C,A,A,H,-,A,D,0,,,,,Y,,-,99,0,0,0,0,0,0,0,0,0,-,-,,