CASE_ID,ACCIDENT_YEAR,PROC_DATE,JURIS,COLLISION_DATE,COLLISION_TIME,OFFICER_ID,REPORTING_DISTRICT,DAY_OF_WEEK,CHP_SHIFT,POPULATION,CNTY_CITY_LOC,SPECIAL_COND,BEAT_TYPE,CHP_BEAT_TYPE,CITY_DIVISION_LAPD,CHP_BEAT_CLASS,BEAT_NUMBER,PRIMARY_RD,SECONDARY_RD,DISTANCE,DIRECTION,INTERSECTION,WEATHER_1,WEATHER_2,STATE_HWY_IND,CALTRANS_COUNTY,CALTRANS_DISTRICT,STATE_ROUTE,ROUTE_SUFFIX,POSTMILE_PREFIX,POSTMILE,LOCATION_TYPE,RAMP_INTERSECTION,SIDE_OF_HWY,TOW_AWAY,COLLISION_SEVERITY,NUMBER_KILLED,NUMBER_INJURED,PARTY_COUNT,PRIMARY_COLL_FACTOR,PCF_CODE_OF_VIOL,PCF_VIOL_CATEGORY,PCF_VIOLATION,PCF_VIOL_SUBSECTION,HIT_AND_RUN,TYPE_OF_COLLISION,MVIW,PED_ACTION,ROAD_SURFACE,ROAD_COND_1,ROAD_COND_2,LIGHTING,CONTROL_DEVICE,CHP_ROAD_TYPE,PEDESTRIAN_ACCIDENT,BICYCLE_ACCIDENT,MOTORCYCLE_ACCIDENT,TRUCK_ACCIDENT,NOT_PRIVATE_PROPERTY,ALCOHOL_INVOLVED,STWD_VEHTYPE_AT_FAULT,CHP_VEHTYPE_AT_FAULT,COUNT_SEVERE_INJ,COUNT_VISIBLE_INJ,COUNT_COMPLAINT_PAIN,COUNT_PED_KILLED,COUNT_PED_INJURED,COUNT_BICYCLIST_KILLED,COUNT_BICYCLIST_INJURED,COUNT_MC_KILLED,COUNT_MC_INJURED,PRIMARY_RAMP,SECONDARY_RAMP,LATITUDE,LONGITUDE
5608777,2012,20131018,101,20120309,219,90,235,5,5,5,101,0,0,0,,0,2,SHORELINE DR,WILLOW ST,562,W,N,A,-,N,,,,,,,,,,N,0,0,0,3,A,-,8,22107,,M,B,E,A,A,H,-,C,D,0,,,,,Y,,-,99,0,0,0,0,0,0,0,0,0,-,-,,
5612396,2012,20140306,101,20120501,1210,60,318,2,5,5,101,0,0,0,,0,3,RT 61,SAN JOSE AV,30,S,N,A,-,Y,ALA,4,61,-,-,19.7,H,-,N,N,4,0,2,2,A,-,3,22350,,N,C,C,A,A,H,-,A,A,0,,,,,Y,,A,7,0,0,2,0,0,0,0,0,0,-,-,,
5612576,2012,20131218,101,20120506,2500,59,210,7,5,5,101,0,0,0,,0,2,CLEMENT AV,SCHILLER ST,76,W,N,-,-,N,,,,,,,,,,N,0,0,0,2,A,-,8,22107,,M,B,E,A,A,H,-,A,D,0,,,,,Y,Y,-,99,0,0,0,0,0,0,0,0,0,-,-,,
5612580,2012,20131218,101,20120506,2500,81,306,7,5,5,101,0,0,0,,0,3,WALNUT ST,SANTA CLARA AV,131,S,N,A,-,N,,,,,,,,,,N,0,0,0,2,A,-,8,22107,,M,B,E,A,A,H,-,C,D,0,,,,,Y,,-,99,0,0,0,0,0,0,0,0,0,-,-,,
5612588,2012,20131218,101,20120506,642,65,235,7,5,5,101,0,0,0,,0,3,FRANCISCAN WY,WHITEHALL RD,0,,Y,A,-,N,,,,,,,,,,N,0,0,0,3,A,-,1,23152,,N,B,E,A,A,H,-,A,D,0,,,,,Y,Y,A,1,0,0,0,0,0,0,0,0,0,-,-,,
5612596,2012,20140422,101,20120502,1442,SIMMONS,,3,5,5,101,0,0,0,,0,326,ENCINAL AV,PARK ST,63,W,N,A,-,Y,ALA,4,61,-,-,20.09,H,-,S,N,0,0,0,2,A,-,21,22106,,N,C,C,A,A,H,-,A,A,0,,,,,Y,,-,- ,0,0,0,0,0,0,0,0,0,-,-,,
5612600,2012,20131218,101,20120502,1055,88,423,3,5,5,101,0,0,0,,0,4,KOFMAN PKWY,TIPPERARY LN,117,S,N,A,-,N,,,,,,,,,,N,0,0,0,2,A,-,8,22107,,N,C,E,A,A,H,-,A,D,0,,,,,Y,,A,7,0,0,0,0,0,0,0,0,0,-,-,,
5612604,2012,20140417,101,20120501,1756,59,112,2,5,5,101,0,0,0,,0,1,WEBSTER ST,RT 260,6,N,N,A,-,N,,,,,,,,,,N,0,0,0,2,A,-,3,22350,,N,C,C,A,A,H,-,A,A,0,,,,,Y,,A,1,0,0,0,0,0,0,0,0,0,-,-,,
5612608,2012,20131218,101,20120504,2500,12,236,5,5,5,101,0,0,0,,0,2,FRANCISCAN WY,GREENBRIER RD,87,W,N,A,-,N,,,,,,,,,,N,0,0,0,2,A,-,21,22106,,M,C,E,A,A,H,-,A,D,0,,,,,Y,,-,99,0,0,0,0,0,0,0,0,0,-,-,,
5612631,2012,20140422,101,20120508,830,88,375,2,5,5,101,0,0,0,,0,3,RT 61,FERNSIDE BL,656,E,N,A,-,Y,ALA,4,61,-,-,18.65,H,-,N,N,0,0,0,2,A,-,3,22350,,N,C,C,A,A,H,-,A,D,0,,,,,Y,,A,7,0,0,0,0,0,0,0,0,0,-,-,,
5627448,2012,20131122,101,20120514,804,65,305,1,5,5,101,0,0,0,,0,3,PARK ST,PACIFIC AV,59,N,N,A,-,N,,,,,,,,,,N,0,0,0,2,A,-,8,22107,,N,B,E,A,A,H,-,A,D,0,,,,,Y,,D,22,0,0,0,0,0,0,0,0,0,-,-,,
5627480,2012,20130923,101,20120514,1850,56,203,1,5,5,101,0,0,0,,0,2,SHERMAN ST,EAGLE AV,50,S,N,A,-,N,,,,,,,,,,Y,4,0,1,3,A,-,3,22350,,N,C,C,A,A,H,-,A,D,0,,,,,Y,,D,22,0,0,1,0,0,0,0,0,0,-,-,,
5627484,2012,20131120,101,20120516,635,88,,3,5,5,101,0,0,0,,0,4,HARBOR BAY PKWY,LOOP RD,9,S,N,B,-,N,,,,,,,,,,Y,0,0,0,2,D,-,0,,,N,E,I,A,A,H,-,A,A,0,,,,,Y,,-,- ,0,0,0,0,0,0,0,0,0,-,-,,
5627488,2012,20131120,101,20120514,1824,89,409,1,5,5,101,0,0,0,,0,4,ISLAND DR,GARDEN RD,93,S,N,A,-,N,,,,,,,,,,N,0,0,0,2,A,-,3,22350,,N,C,C,A,A,H,-,A,D,0,,,,,Y,,A,1,0,0,0,0,0,0,0,0,0,-,-,,
5627492,2012,20131122,101,20120521,1643,42,423,1,5,5,101,0,0,0,,0,4,SEA VIEW PKWY,KARA RD,7,W,N,A,-,N,,,,,,,,,,N,0,0,0,2,A,-,9,21804,A,N,D,C,A,A,H,-,A,D,0,,,,,Y,,D,22,0,0,0,0,0,0,0,0,0,-,-,,
5627496,2012,20130923,101,20120516,2308,56,221,3,5,5,101,0,0,0,,0,2,GRAND ST,PACIFIC AV,0,,Y,B,-,N,,,,,,,,,,Y,4,0,1,2,A,-,9,21802,A,N,D,C,A,A,H,-,C,D,0,,,,,Y,,A,1,0,0,1,0,0,0,0,0,0,-,-,,
5627592,2012,20130921,101,20120505,22,28,422,6,5,5,101,0,0,0,,0,4,HARBOR BAY PKWY,S LOOP RD,1056,E,N,A,-,N,,,,,,,,,,Y,3,0,1,1,A,-,1,23152,A,N,F,I,A,A,H,-,C,D,0,,,,,Y,Y,D,22,0,1,0,0,0,0,0,0,0,-,-,,
5627596,2012,20130921,101,20120511,1515,10,138,5,5,5,101,0,0,0,,0,1,WESTLINE DR,OTIS DR,0,,Y,A,-,N,,,,,,,,,,Y,4,0,1,2,A,-,9,21801,A,N,D,C,A,A,H,-,A,A,0,,,,,Y,,D,22,0,0,1,0,0,0,0,0,0,-,-,,
5627600,2012,20131120,101,20120510,750,94,301,4,5,5,101,0,0,0,,0,3,CLEMENT AV,WALNUT ST,332,W,N,A,-,N,,,,,,,,,,N,0,0,0,2,A,-,6,21750,,N,B,C,A,A,H,-,A,D,0,,,,,Y,,A,1,0,0,0,0,0,0,0,0,0,-,-,,
5631611,2012,20130921,101,20120515,2220,89,219,2,5,5,101,0,0,0,,0,2,LINCOLN AV,BAY ST,0,,Y,A,-,N,,,,,,,,,,Y,4,0,2,2,A,-,9,21802,A,N,D,C,A,A,H,-,C,A,0,,,,,Y,,A,1,0,0,2,0,0,0,0,0,0,-,-,,
5631619,2012,20140219,101,20120517,700,29,141,4,5,5,101,0,0,0,,0,1,SANTA CLARA AV,WEBSTER ST,0,,Y,A,-,Y,ALA,4,61,-,-,21.966,I,5,N,N,4,0,1,2,A,-,10,21950,A,M,G,B,B,A,H,-,A,A,0,Y,,,,Y,,A,1,0,0,1,0,1,0,0,0,0,-,-,,
5631625,2012,20130921,101,20120513,1723,38,102,7,5,5,101,0,0,0,,0,1,MAIN ST,FERRY TERMINAL ENT,222,E,N,A,-,N,,,,,,,,,,Y,2,0,2,1,A,-,1,23152,A,N,E,I,A,A,H,-,A,D,0,,,,,Y,Y,A,1,2,0,0,0,0,0,0,0,0,-,-,,
5631629,2012,20140219,101,20120512,1411,69,147,6,5,5,101,0,0,0,,0,1,WEBSTER TUBE,WILLIE STARGELL AV,1200,N,N,A,-,Y,ALA,4,260,-,R,1.02,H,-,S,Y,3,0,1,2,A,-,3,22350,,N,C,C,A,A,H,-,A,D,0,,,Y,,Y,,C,2,0,1,0,0,0,0,0,0,1,-,-,,
5631657,2012,20140219,101,20120504,1020,29,318,5,5,5,101,0,0,0,,0,3,SAN JOSE AV,BROADWAY,0,,Y,A,-,Y,ALA,4,61,-,-,19.44,I,5,N,N,4,0,1,2,A,-,9,21802,A,N,D,C,A,A,H,-,A,A,0,,,,,Y,,A,1,0,0,1,0,0,0,0,0,0,-,-,,
5631660,2012,20130921,101,20120518,1825,56,305,5,5,5,101,0,0,0,,0,3,LINCOLN AV,PARK ST,0,,Y,A,-,N,,,,,,,,,,Y,3,0,4,2,A,-,9,21801,A,N,A,C,A,A,H,-,A,A,0,,,,,Y,,A,1,0,2,2,0,0,0,0,0,0,-,-,,
5631661,2012,20130921,101,20120502,932,69,110,3,5,5,101,0,0,0,,0,1,JACK LONDON AV,AUSTIN ST,128,E,N,A,-,N,,,,,,,,,,Y,4,0,1,3,A,-,8,22107,,N,B,E,A,A,H,-,A,D,0,,,,,Y,,A,1,0,0,1,0,0,0,0,0,0,-,-,,
5631664,2012,20130921,101,20120517,1321,86,210,4,5,5,101,0,0,0,,0,3,CLEMENT AV,WILLOW ST,0,,Y,A,-,N,,,,,,,,,,N,4,0,1,2,A,-,5,21650,,N,H,G,A,A,H,-,A,A,0,,Y,,,Y,,L,4,0,0,1,0,0,0,1,0,0,-,-,,
5631672,2012,20140213,101,20120521,1711,33,314,1,5,5,101,0,0,0,,0,3,RT 61,SOUTHSHORE CENTER,30,W,N,A,-,N,,,,,,,,,,N,4,0,1,2,A,-,3,22350,,N,C,C,A,-,A,H,A,A,0,,,,,Y,,A,1,0,0,1,0,0,0,0,0,0,-,-,,
5631792,2012,20131126,101,20120504,1639,44,235,5,5,5,101,0,0,0,,0,2,SHORELINE DR,KITTY HAWK RD,441,E,N,A,-,N,,,,,,,,,,Y,0,0,0,2,A,-,9,21804,A,N,D,C,A,A,H,-,A,D,0,,,,,Y,,A,1,0,0,0,0,0,0,0,0,0,-,-,,
5631796,2012,20131126,101,20120511,1714,44,122,5,5,5,101,0,0,0,,0,1,BUENA VISTA AV,GRESHAM DR,159,E,N,A,-,N,,,,,,,,,,N,0,0,0,2,A,-,8,22107,,N,B,E,A,A,H,-,A,D,0,,,,,Y,,A,8,0,0,0,0,0,0,0,0,0,-,-,,
5631800,2012,20131126,101,20120511,1820,44,139,5,5,5,101,0,0,0,,0,1,8TH ST,PORTOLA AV,0,,Y,A,-,N,,,,,,,,,,N,0,0,0,3,A,-,3,22350,,N,C,C,A,A,H,-,A,D,0,,,,,Y,,A,1,0,0,0,0,0,0,0,0,0,-,-,,
5631804,2012,20131126,101,20120505,2500,12,243,6,5,5,101,0,0,0,,0,2,UNION ST,CENTRAL AV,129,N,N,A,-,N,,,,,,,,,,N,0,0,0,2,A,-,8,22107,,M,B,E,A,A,H,-,D,D,0,,,,,Y,,-,99,0,0,0,0,0,0,0,0,0,-,-,,
5631808,2012,20140422,101,20120509,1534,75,334,3,5,5,101,0,0,0,,0,3,OTIS DR,MOUND ST,12,E,N,A,-,Y,ALA,4,61,-,-,19.23,H,-,S,N,0,0,0,2,A,-,3,22350,,N,C,D,A,A,H,-,A,D,0,,,,,Y,,A,1,0,0,0,0,0,0,0,0,0,-,-,,
5640930,2012,20130814,101,20120430,954,65,243,1,5,5,101,0,0,0,,0,3,CENTRAL AV,WILLOW ST,0,,Y,A,-,N,,,,,,,,,,N,3,0,1,2,A,-,10,21950,A,N,G,B,D,A,H,-,A,A,0,Y,,,,Y,,A,1,0,1,0,0,1,0,0,0,0,-,-,,
5641016,2012,20131203,101,20120522,1528,16,414,2,5,5,101,0,0,0,,0,4,MECARTNEY RD,ISLAND DR,0,,Y,A,-,N,,,,,,,,,,N,0,0,0,2,A,-,9,21801,A,N,D,C,A,A,H,-,A,A,0,,,,,Y,,A,7,0,0,0,0,0,0,0,0,0,-,-,,
5641028,2012,20131203,101,20120522,2500,88,424,2,5,5,101,0,0,0,,0,4,COTELLA CT,RATTO RD,9,E,N,A,-,N,,,,,,,,,,N,0,0,0,2,A,-,8,22107,,M,H,E,A,A,H,-,C,D,0,,,,,Y,,-,99,0,0,0,0,0,0,0,0,0,-,-,,
5641040,2012,20131203,101,20120518,1406,31,215,5,5,5,101,0,0,0,,0,2,9TH ST,TAYLOR AV,0,,Y,A,-,N,,,,,,,,,,Y,0,0,0,2,A,-,8,22107,,N,D,C,A,A,H,-,A,A,0,,,,,Y,,A,7,0,0,0,0,0,0,0,0,0,-,-,,
5641164,2012,20131106,101,20120422,2300,44,110,7,5,5,101,0,0,0,,0,1,MOSLEY AV,JACK LONDON AV,26,N,N,A,-,N,,,,,,,,,,N,0,0,0,1,A,-,3,22350,,M,E,I,A,A,H,-,C,D,0,,,,,Y,,-,- ,0,0,0,0,0,0,0,0,0,-,-,,
5643315,2012,20140110,101,20120605,1135,60,321,2,5,5,101,0,0,0,,0,3,CENTRAL AV,BROADWAY,50,W,N,A,-,N,,,,,,,,,,N,0,0,0,2,A,-,3,22350,,N,C,C,A,A,H,-,A,D,0,,,,,Y,,D,22,0,0,0,0,0,0,0,0,0,-,-,,
5643319,2012,20130910,101,20120525,1624,31,327,5,5,5,101,0,0,0,,0,3,PARK ST,EAGLE AV,132,N,N,A,-,N,,,,,,,,,,Y,4,0,1,3,A,-,3,22350,,N,C,D,A,-,A,H,A,A,0,,,,Y,Y,,F,26,0,0,1,0,0,0,0,0,0,-,-,,
5664887,2012,20140108,101,20120602,1339,34,218,6,5,5,101,0,0,0,,0,2,SANTA CLARA AV,SHERMAN ST,0,,Y,A,-,N,,,,,,,,,,N,0,0,0,2,A,-,9,21802,A,N,D,C,A,A,H,-,A,D,0,,,,,Y,,A,1,0,0,0,0,0,0,0,0,0,-,-,,
5664911,2012,20140108,101,20120603,1833,57,142,7,5,5,101,0,0,0,,0,1,8TH ST,CENTRAL AV,0,,Y,A,-,N,,,,,,,,,,N,0,0,0,2,A,-,9,21453,C,N,D,C,A,A,H,-,A,A,0,,,,,Y,,A,1,0,0,0,0,0,0,0,0,0,-,-,,
5664915,2012,20140108,101,20120602,2500,33,330,6,5,5,101,0,0,0,,0,3,MARINA DR,COMBRIDGE DR,40,W,N,A,-,N,,,,,,,,,,N,0,0,0,2,A,-,8,22107,,M,B,E,A,A,H,-,A,D,0,,,,,Y,,-,- ,0,0,0,0,0,0,0,0,0,-,-,,
5664919,2012,20140415,101,20120602,1742,39,142,6,5,5,101,0,0,0,,0,1,TAYLOR AV,WEBSTER ST,60,E,N,A,-,N,,,,,,,,,,Y,0,0,0,1,A,-,21,22106,,N,E,I,A,A,H,-,A,D,0,,,,,Y,,A,7,0,0,0,0,0,0,0,0,0,-,-,,
5664923,2012,20140108,101,20120604,811,88,,1,5,5,101,0,0,0,,0,3,OTIS DR,PARK ST,90,W,N,C,-,N,,,,,,,,,,N,0,0,0,2,A,-,3,22350,,N,C,C,A,B,H,-,A,A,0,,,,,Y,,A,7,0,0,0,0,0,0,0,0,0,-,-,,
5664927,2012,20140108,101,20120604,1759,59,245,1,5,5,101,0,0,0,,0,2,PACIFIC AV,CHESTNUT ST,0,,Y,A,-,N,,,,,,,,,,N,0,0,0,2,A,-,9,21802,A,N,D,C,A,A,H,-,A,A,0,,,,,Y,,A,1,0,0,0,0,0,0,0,0,0,-,-,,
5664931,2012,20140108,101,20120604,1040,88,407,1,5,5,101,0,0,0,,0,4,ISLAND DR,ROBERT DAVEY JR,81,N,N,C,-,N,,,,,,,,,,N,0,0,0,2,A,-,3,22350,,N,D,C,A,B,H,-,A,A,0,,,,,Y,,A,1,0,0,0,0,0,0,0,0,0,-,-,,
5664947,2012,20140108,101,20120604,835,88,407,1,5,5,101,0,0,0,,0,4,ISLAND DR,ROBERT DAVEY JR DR,106,N,N,C,-,N,,,,,,,,,,N,0,0,0,1,A,-,3,22350,,N,E,I,A,C,H,-,A,A,0,,,,,Y,,A,8,0,0,0,0,0,0,0,0,0,-,-,,
5665051,2012,20140422,101,20120525,1207,60,142,5,5,5,101,0,0,0,,0,1,RT 61,PAGE ST,60,E,N,A,-,Y,ALA,4,61,-,-,21.88,H,-,S,N,0,0,0,2,A,-,21,22106,,N,B,C,A,A,H,-,A,D,0,,,,,Y,,A,7,0,0,0,0,0,0,0,0,0,-,-,,
5665055,2012,20131205,101,20120524,1146,94,327,4,5,5,101,0,0,0,,0,3,BUENA VISTA AV,FOLEY ST,130,E,N,A,-,N,,,,,,,,,,Y,0,0,0,2,A,-,9,21804,A,N,B,C,A,A,H,-,A,D,0,,,,,Y,,A,1,0,0,0,0,0,0,0,0,0,-,-,,
5665059,2012,20131205,101,20120530,1756,31,219,3,5,5,101,0,0,0,,0,2,LINCOLN AV,SHERMAN ST,79,E,N,A,-,N,,,,,,,,,,N,0,0,0,2,A,-,3,22350,,N,C,C,A,A,H,-,A,D,0,,,,,Y,,A,1,0,0,0,0,0,0,0,0,0,-,-,,
5665063,2012,20140422,101,20120516,1558,34,339,3,5,5,101,0,0,0,,0,3,OTIS DR,HIGH ST,42,E,N,A,-,Y,ALA,4,61,-,-,19.06,H,-,N,Y,0,0,0,3,A,-,8,22107,,N,A,D,A,A,H,-,A,A,0,,,,,Y,,A,7,0,0,0,0,0,0,0,0,0,-,-,,
5665112,2012,20131205,101,20120525,2500,31,342,5,5,5,101,0,0,0,,0,3,BRIGGS AV,HIGH ST,75,E,N,A,-,N,,,,,,,,,,N,0,0,0,2,A,-,8,22107,,M,B,E,A,A,H,-,A,D,0,,,,,Y,,-,99,0,0,0,0,0,0,0,0,0,-,-,,
5665120,2012,20131205,101,20120525,2500,51,213,5,5,5,101,0,0,0,,0,2,WOOD ST,PACIFIC AV,96,N,N,A,-,N,,,,,,,,,,N,0,0,0,2,A,-,8,22107,,M,B,E,A,A,H,-,A,D,0,,,,,Y,,-,99,0,0,0,0,0,0,0,0,0,-,-,,
5672289,2012,20140422,101,20120619,814,93,,2,5,5,101,0,0,0,,0,318,RT 61,SAN JOSE AV,153,N,N,A,-,Y,ALA,4,61,-,-,19.74,H,-,N,N,0,0,0,2,A,-,3,22350,,N,C,C,A,A,H,-,A,D,0,,,,,Y,,A,1,0,0,0,0,0,0,0,0,0,-,-,,
5672293,2012,20140422,101,20120619,534,68,427,2,5,5,101,0,0,0,,0,4,DOOLITTLE DR,HARBOR BAY PKWY,949,W,N,A,-,Y,ALA,4,61,-,-,18.2,H,-,N,N,0,0,0,1,A,-,8,22107,,N,E,I,A,A,H,-,C,D,0,,,,,Y,,A,1,0,0,0,0,0,0,0,0,0,-,-,,
5672297,2012,20140121,101,20120618,1934,65,313,1,5,5,101,0,0,0,,0,3,WILLOW ST,FRANCISCAN WY,148,S,N,A,-,N,,,,,,,,,,N,0,0,0,2,A,-,5,21650,1,N,H,G,A,A,H,-,A,D,0,,Y,,,Y,,L,4,0,0,0,0,0,0,0,0,0,-,-,,
5672301,2012,20140121,101,20120615,1429,10,311,5,5,5,101,0,0,0,,0,3,OTIS DR,PARK ST,77,E,N,A,-,N,,,,,,,,,,N,0,0,0,2,A,-,7,21658,A,N,B,C,A,A,H,-,A,A,0,,,,,Y,,A,1,0,0,0,0,0,0,0,0,0,-,-,,
5672305,2012,20140121,101,20120614,1534,95,235,4,5,5,101,0,0,0,,0,2,KITTY HAWK RD,SHORELINE DR,67,N,N,A,-,N,,,,,,,,,,N,0,0,0,2,A,-,21,22106,,N,B,C,A,A,H,-,A,D,0,,,,,Y,,A,1,0,0,0,0,0,0,0,0,0,-,-,,
5672309,2012,20140121,101,20120612,845,81,326,2,5,5,101,0,0,0,,0,3,PARK ST,WEBB AV,29,S,N,A,-,N,,,,,,,,,,N,0,0,0,2,A,-,3,22350,,N,C,C,A,A,H,-,A,D,0,,,,,Y,,A,8,0,0,0,0,0,0,0,0,0,-,-,,
5672313,2012,20140422,101,20120614,1348,69,141,4,5,5,101,0,0,0,,0,1,CENTRAL AV,RT 61,0,,Y,A,-,Y,ALA,4,61,-,-,21.966,I,5,N,N,0,0,0,2,A,-,17,21451,A,N,G,B,B,A,-,-,A,A,0,Y,,,,Y,,A,1,0,0,0,0,0,0,0,0,0,-,-,,
5672317,2012,20140121,101,20120610,2016,42,420,7,5,5,101,0,0,0,,0,4,FLOWER LN,BEACH RD,6,W,N,A,-,N,,,,,,,,,,Y,0,0,0,2,A,-,1,23152,A,M,C,E,A,A,H,-,A,D,0,,,,,Y,Y,-,- ,0,0,0,0,0,0,0,0,0,-,-,,
5673615,2012,20131004,101,20120610,2131,56,306,7,5,5,101,0,0,0,,0,3,LINCOLN AV,WALNUT ST,500,E,N,A,-,N,,,,,,,,,,Y,3,0,1,3,A,-,8,22107,,N,D,E,A,A,H,-,C,D,0,,,,,Y,,A,1,0,1,0,0,0,0,0,0,0,-,-,,
5675523,2012,20140108,101,20120627,1017,60,318,3,5,5,101,0,0,0,,0,3,SAN JOSE AV,PARK AV,0,,Y,A,-,N,,,,,,,,,,Y,0,0,0,2,A,-,9,21802,A,N,D,C,A,A,H,-,A,A,0,,,,,Y,,A,1,0,0,0,0,0,0,0,0,0,-,-,,
5675524,2012,20140108,101,20120630,1235,81,142,6,5,5,101,0,0,0,,0,1,8TH ST,HAIGHT ST,45,S,N,A,-,N,,,,,,,,,,N,0,0,0,2,A,-,17,22517,,N,B,E,A,A,H,-,A,D,0,,,,,Y,,A,1,0,0,0,0,0,0,0,0,0,-,-,,
5675527,2012,20140108,101,20120627,1625,75,245,3,5,5,101,0,0,0,,0,2,GRAND ST,EAGLE AV,147,S,N,A,-,N,,,,,,,,,,N,0,0,0,2,A,-,9,21804,A,M,B,E,A,A,H,-,A,D,0,,,Y,,Y,,-,99,0,0,0,0,0,0,0,0,0,-,-,,
5675528,2012,20140108,101,20120622,2500,94,426,5,5,5,101,0,0,0,,0,4,HARBOR WY,DOOLITTLE DR,321,S,N,B,-,N,,,,,,,,,,,0,0,0,1,A,-,8,22107,,M,E,I,A,A,H,-,C,D,0,,,,,Y,Y,-,99,0,0,0,0,0,0,0,0,0,-,-,,
5675531,2012,20140108,101,20120627,925,94,303,3,5,5,101,0,0,0,,0,3,PARK ST,CLEMENT AV,72,N,N,A,-,N,,,,,,,,,,N,0,0,0,2,A,-,9,21801,A,N,A,C,A,A,H,-,A,D,0,,,,,Y,,A,1,0,0,0,0,0,0,0,0,0,-,-,,
5675555,2012,20140108,101,20120622,1700,33,218,5,5,5,101,0,0,0,,0,2,LINCOLN AV,BAY ST,50,W,N,A,-,N,,,,,,,,,,N,0,0,0,2,A,-,21,22106,,N,C,E,A,A,H,-,A,A,0,,,,,Y,,A,1,0,0,0,0,0,0,0,0,0,-,-,,
5675556,2012,20140108,101,20120629,2500,94,413,5,5,5,101,0,0,0,,0,4,FONTANA DR,VIA ALISO,22,N,N,A,-,N,,,,,,,,,,N,0,0,0,2,A,-,8,22107,,M,B,E,A,A,H,-,A,D,0,,,,,Y,,-,99,0,0,0,0,0,0,0,0,0,-,-,,
5675559,2012,20140422,101,20120622,2028,31,243,5,5,5,101,0,0,0,,0,2,ENCINAL AV,UNION ST,0,,Y,B,-,Y,ALA,4,61,-,-,20.85,I,5,S,Y,0,0,0,2,A,-,1,23152,A,N,D,D,A,A,H,-,B,A,0,,,,,Y,Y,A,7,0,0,0,0,0,0,0,0,0,-,-,,
5675563,2012,20140422,101,20120623,2247,52,211,6,5,5,101,0,0,0,,0,1,CENTRAL AV,WEBSTER ST,0,,Y,A,-,Y,ALA,4,61,-,-,21.966,I,5,N,Y,0,0,0,2,A,-,9,21801,A,N,A,C,A,A,H,-,C,A,0,,,,,Y,,A,1,0,0,0,0,0,0,0,0,0,-,-,,
5675574,2012,20130927,101,20120630,1818,52,326,6,5,5,101,0,0,0,,0,3,SANTA CLARA AV,EVERETT ST,0,,Y,A,-,N,,,,,,,,,,N,4,0,2,2,A,-,9,21801,A,N,D,C,A,A,H,-,A,A,0,,,,,Y,,A,1,0,0,2,0,0,0,0,0,0,-,-,,
5675578,2012,20130927,101,20120628,1343,24,311,4,5,5,101,0,0,0,,0,3,OTIS DR,WILLOW ST,251,E,N,A,-,N,,,,,,,,,,N,3,0,1,2,A,-,8,22107,,N,B,E,A,A,H,-,A,D,0,,Y,,,Y,,L,4,0,1,0,0,0,0,1,0,0,-,-,,
5675580,2012,20140109,101,20120624,1034,65,221,7,5,5,101,0,0,0,,0,2,LINCOLN AV,GRAND ST,2,E,N,A,-,N,,,,,,,,,,N,0,0,0,2,A,-,21,22106,,N,B,C,A,A,H,-,A,A,0,,,,,Y,,A,1,0,0,0,0,0,0,0,0,0,-,-,,
5675727,2012,20130926,101,20120624,1525,75,222,7,5,5,101,0,0,0,,0,2,LINCOLN AV,SHERMAN ST,113,E,N,A,-,N,,,,,,,,,,N,3,0,1,2,A,-,9,21804,A,N,H,G,A,A,H,-,A,D,0,,Y,,,Y,,A,1,0,1,0,0,0,0,1,0,0,-,-,,
5675731,2012,20130926,101,20120623,2115,36,112,6,5,5,101,0,0,0,,0,1,RALPH APPEZZATO MEMORIAL PKWY,WEBSTER,490,W,N,A,-,N,,,,,,,,,,Y,3,0,2,1,A,-,1,23152,A,N,E,I,A,A,H,-,C,D,0,,,,,Y,Y,A,1,0,1,1,0,0,0,0,0,0,-,-,,
5675735,2012,20130926,101,20120623,1341,10,143,6,5,5,101,0,0,0,,0,1,CONSTITUTION WY,PACIFIC AV,0,,Y,A,-,N,,,,,,,,,,Y,3,0,1,2,A,-,1,23152,A,N,H,G,A,A,H,-,A,D,0,,Y,,,Y,Y,A,1,0,1,0,0,0,0,1,0,0,-,-,,
5675766,2012,20140212,101,20120701,2500,75,321,7,5,5,101,0,0,0,,0,3,SANTA CLARA AV,EVERETT ST,147,E,N,A,-,N,,,,,,,,,,N,0,0,0,2,A,-,8,22107,,N,B,E,A,A,H,-,A,D,0,,,,,Y,,-,99,0,0,0,0,0,0,0,0,0,-,-,,
5675770,2012,20140214,101,20120701,2500,10,128,7,5,5,101,0,0,0,,0,1,LINCOLN AV,4TH ST,230,E,N,A,-,N,,,,,,,,,,N,0,0,0,2,A,-,8,22107,,M,B,E,A,A,H,-,A,D,0,,,,,Y,,-,99,0,0,0,0,0,0,0,0,0,-,-,,
5675774,2012,20140212,101,20120701,1531,77,226,7,5,5,101,0,0,0,,0,2,GRAND ST,OTIS DR,0,,Y,B,-,N,,,,,,,,,,N,0,0,0,2,A,-,8,22107,,N,B,C,A,A,H,-,A,A,0,,,Y,,Y,,C,2,0,0,0,0,0,0,0,0,0,-,-,,
5675778,2012,20140701,101,20120701,2500,38,310,7,5,5,101,0,0,0,,0,3,WALNUT ST,RT 61,146,S,N,B,-,Y,ALA,4,61,-,-,20.33,I,6,S,N,0,0,0,1,A,-,17,21663,,N,E,I,A,A,H,-,A,D,0,,,,,Y,,-,99,0,0,0,0,0,0,0,0,0,-,-,,