CASE_ID,ACCIDENT_YEAR,PROC_DATE,JURIS,COLLISION_DATE,COLLISION_TIME,OFFICER_ID,REPORTING_DISTRICT,DAY_OF_WEEK,CHP_SHIFT,POPULATION,CNTY_CITY_LOC,SPECIAL_COND,BEAT_TYPE,CHP_BEAT_TYPE,CITY_DIVISION_LAPD,CHP_BEAT_CLASS,BEAT_NUMBER,PRIMARY_RD,SECONDARY_RD,DISTANCE,DIRECTION,INTERSECTION,WEATHER_1,WEATHER_2,STATE_HWY_IND,CALTRANS_COUNTY,CALTRANS_DISTRICT,STATE_ROUTE,ROUTE_SUFFIX,POSTMILE_PREFIX,POSTMILE,LOCATION_TYPE,RAMP_INTERSECTION,SIDE_OF_HWY,TOW_AWAY,COLLISION_SEVERITY,NUMBER_KILLED,NUMBER_INJURED,PARTY_COUNT,PRIMARY_COLL_FACTOR,PCF_CODE_OF_VIOL,PCF_VIOL_CATEGORY,PCF_VIOLATION,PCF_VIOL_SUBSECTION,HIT_AND_RUN,TYPE_OF_COLLISION,MVIW,PED_ACTION,ROAD_SURFACE,ROAD_COND_1,ROAD_COND_2,LIGHTING,CONTROL_DEVICE,CHP_ROAD_TYPE,PEDESTRIAN_ACCIDENT,BICYCLE_ACCIDENT,MOTORCYCLE_ACCIDENT,TRUCK_ACCIDENT,NOT_PRIVATE_PROPERTY,ALCOHOL_INVOLVED,STWD_VEHTYPE_AT_FAULT,CHP_VEHTYPE_AT_FAULT,COUNT_SEVERE_INJ,COUNT_VISIBLE_INJ,COUNT_COMPLAINT_PAIN,COUNT_PED_KILLED,COUNT_PED_INJURED,COUNT_BICYCLIST_KILLED,COUNT_BICYCLIST_INJURED,COUNT_MC_KILLED,COUNT_MC_INJURED,PRIMARY_RAMP,SECONDARY_RAMP,LATITUDE,LONGITUDE
6417307,2014,20140624,101,20140306,1446,86,314,4,5,5,101,0,0,0,,0,3,SHORELINE DR,PARK ST,0,,Y,A,-,N,,,,,,,,,,N,4,0,1,2,A,-,9,21802,A,N,D,G,A,A,H,-,A,A,0,,Y,,,Y,,A,1,0,0,1,0,0,0,1,0,0,-,-,,
6417335,2014,20151112,101,20140304,800,51,243,2,5,5,101,0,0,0,,0,2,RT 61,LAFAYETTE ST,0,,Y,A,-,Y,ALA,4,61,-,-,20.75,I,5,N,N,4,0,1,2,A,-,9,21804,A,M,D,G,A,A,H,-,-,A,0,,Y,,,Y,,L,4,0,0,1,0,0,0,1,0,0,-,-,,
6417343,2014,20151112,101,20140305,1253,86,334,3,5,5,101,0,0,0,,0,3,OTIS DR,BROADWAY,0,,Y,B,-,Y,ALA,4,61,-,-,19.44,I,5,S,Y,4,0,3,2,A,-,12,21453,A,N,D,D,A,A,H,-,A,A,0,,,,,Y,,A,1,0,0,3,0,0,0,0,0,0,-,-,,
6418304,2014,20160106,101,20140126,1238,,9,7,5,5,101,0,0,0,,0,2,SAN PABLO AV,40TH ST,112,N,N,A,-,Y,ALA,4,123,-,-,0.4,H,-,S,N,0,0,0,2,A,-,- ,,,N,C,C,A,A,H,-,A,A,0,,,,,Y,,A,1,0,0,0,0,0,0,0,0,0,-,-,,
6419454,2014,20150213,101,20140309,520,19128,,7,5,5,101,0,0,0,,0,2,CHERRY WY,WESTERN BL,235,E,N,B,-,N,,,,,,,,,,Y,0,0,0,3,A,-,1,23152,A,N,B,E,A,A,H,-,C,D,0,,,,,Y,Y,A,1,0,0,0,0,0,0,0,0,0,-,-,,
6420606,2014,20140607,101,20140228,1123,95,130,5,5,5,101,0,0,0,,0,1,CENTRAL AV,3RD ST,0,,Y,C,-,N,,,,,,,,,,Y,4,0,1,2,A,-,9,21802,A,N,D,C,A,B,H,-,A,A,0,,,,,Y,,A,1,0,0,1,0,0,0,0,0,0,-,-,,
6421300,2014,20150203,101,20140228,2500,83,425,5,5,5,101,0,0,0,,0,4,HARBOR BAY PKWY,ENT TO FERRY TERMINAL,27,S,N,A,-,N,,,,,,,,,,N,0,0,0,1,A,-,8,22107,,M,A,I,A,A,H,-,C,D,0,,,,,Y,,-,99,0,0,0,0,0,0,0,0,0,-,-,,
6422485,2012,20140430,101,20121013,1439,10,139,6,5,5,101,0,0,0,,0,1,8TH ST,PORTOLA AV,0,,Y,A,-,N,,,,,,,,,,N,0,0,0,2,A,-,3,22350,,N,C,C,A,A,H,-,A,A,0,,,,,Y,,A,1,0,0,0,0,0,0,0,0,0,-,-,,
6422696,2014,20140625,101,20140403,2035,23,306,4,5,5,101,0,0,0,,0,3,OAK ST,LINCOLN AV,42,S,N,A,-,N,,,,,,,,,,N,0,0,0,2,B,-,22,,,N,B,E,A,A,H,-,C,D,0,,,,,Y,,J,48,0,0,0,0,0,0,0,0,0,-,-,,
6429536,2014,20150218,101,20140324,900,46,112,1,5,5,101,0,0,0,,0,1,3RD ST,BRUSH ST,149,N,N,A,-,N,,,,,,,,,,N,0,0,0,2,A,-,8,22107,,M,B,E,A,A,H,-,A,D,0,,,,,Y,,D,22,0,0,0,0,0,0,0,0,0,-,-,,
6429537,2014,20150218,101,20140318,200,94,333,2,5,5,101,0,0,0,,0,3,SANTA CLARA AV,PEARL ST,243,W,N,B,-,N,,,,,,,,,,N,0,0,0,2,A,-,21,22106,,M,C,E,A,A,H,-,C,D,0,,,,,Y,,D,22,0,0,0,0,0,0,0,0,0,-,-,,
6429538,2014,20150218,101,20140315,318,10,142,6,5,5,101,0,0,0,,0,1,8TH ST,TAYLOR AV,49,N,N,A,-,N,,,,,,,,,,Y,0,0,0,4,A,-,1,23152,A,N,D,E,A,A,H,-,C,D,0,,,,,Y,Y,D,22,0,0,0,0,0,0,0,0,0,-,-,,
6429539,2014,20150218,101,20140306,830,87,214,4,5,5,101,0,0,0,,0,2,SANTA CLARA AV,9TH ST,185,W,N,A,-,N,,,,,,,,,,N,0,0,0,2,A,-,21,22106,,N,D,E,A,A,H,-,A,D,0,,,,Y,Y,,F,26,0,0,0,0,0,0,0,0,0,-,-,,
6429540,2014,20150209,101,20140217,1409,#89,138,1,5,5,101,0,0,0,,0,2,8TH ST,CENTRAL AV,428,S,N,A,-,N,,,,,,,,,,Y,0,0,0,3,A,-,3,22350,,N,C,C,A,A,H,-,A,D,0,,,,,Y,,A,7,0,0,0,0,0,0,0,0,0,-,-,,
6448481,2014,20150203,101,20140214,140,10,306,5,5,5,101,0,0,0,,0,3,SANTA CLARA AV,WALNUT ST,31,W,N,A,-,N,,,,,,,,,,N,0,0,0,2,A,-,1,23152,A,N,C,E,A,A,H,-,C,D,0,,,,,Y,Y,A,1,0,0,0,0,0,0,0,0,0,-,-,,
6448485,2014,20150203,101,20140214,2054,36,305,5,5,5,101,0,0,0,,0,3,OAK ST,BUENA VISTA AV,9,S,N,A,-,N,,,,,,,,,,N,0,0,0,2,A,-,9,21801,A,M,D,G,A,A,H,-,C,A,0,,Y,,,Y,,-,99,0,0,0,0,0,0,0,0,0,-,-,,
6448505,2014,20150203,101,20140215,1320,89,141,6,5,5,101,0,0,0,,0,1,HAIGHT AV,6TH ST,284,E,N,B,-,N,,,,,,,,,,N,0,0,0,2,A,-,9,21804,,N,D,C,A,A,H,-,A,D,0,,,,,Y,,A,1,0,0,0,0,0,0,0,0,0,-,-,,
6448930,2014,20160305,101,20140322,1606,33,105,6,5,5,101,0,0,0,,0,1,WEBSTER ST,WILLIE STARGELL AV,141,S,N,A,-,Y,ALA,4,260,-,R,0.81,H,-,N,N,3,0,1,1,A,-,3,22350,,N,H,I,A,A,H,-,A,A,0,,Y,,,Y,,L,4,0,1,0,0,0,0,1,0,0,-,-,,
6448931,2014,20140717,101,20140311,1820,83,314,2,5,5,101,0,0,0,,0,3,OTIS DR,PARK ST,247,W,N,A,-,N,,,,,,,,,,N,2,0,1,2,A,-,11,21955,,N,G,B,D,A,H,-,A,D,0,Y,,,,Y,,N,60,1,0,0,0,1,0,0,0,0,-,-,,
6449188,2014,20150223,101,20140327,1528,95,138,4,5,5,101,0,0,0,,0,1,8TH ST,PORTOLA AV,12,N,N,A,-,N,,,,,,,,,,N,0,0,0,3,A,-,3,22350,,N,C,C,A,A,H,-,A,A,0,,,,,Y,,A,1,0,0,0,0,0,0,0,0,0,-,-,,
6449189,2014,20150223,101,20140302,1102,65,327,7,5,5,101,0,0,0,,0,3,BUENA VISTA AV,EVERETT ST,0,,Y,A,-,N,,,,,,,,,,Y,0,0,0,2,A,-,9,21801,A,N,A,C,A,A,H,-,A,D,0,,,,,Y,,A,1,0,0,0,0,0,0,0,0,0,-,-,,
6449190,2014,20150226,101,20140321,2500,17,222,5,5,5,101,0,0,0,,0,2,STANTON ST,LINCOLN AV,290,S,N,A,-,N,,,,,,,,,,N,0,0,0,2,A,-,8,22107,,M,B,E,A,A,H,-,C,D,0,,,,,Y,,-,99,0,0,0,0,0,0,0,0,0,-,-,,
6449191,2014,20150226,101,20140320,1521,95,223,4,5,5,101,0,0,0,,0,2,GRAND ST,SAN ANTONIO AV,73,S,N,A,-,N,,,,,,,,,,Y,0,0,0,3,A,-,3,22350,,N,C,C,A,A,H,-,A,A,0,,,,,Y,,A,1,0,0,0,0,0,0,0,0,0,-,-,,
6449192,2014,20150223,101,20140319,2500,94,333,3,5,5,101,0,0,0,,0,3,HIGH ST,LIBERTY ST,75,N,N,A,-,N,,,,,,,,,,N,0,0,0,2,A,-,8,22107,,M,B,E,A,A,H,-,C,D,0,,,,,Y,,-,99,0,0,0,0,0,0,0,0,0,-,-,,
6449193,2014,20160119,101,20140316,1448,65,334,7,5,5,101,0,0,0,,0,3,OTIS DR,PEARL ST,106,W,N,A,-,Y,ALA,4,61,-,-,19.42,H,-,N,N,0,0,0,2,A,-,3,22350,,N,C,C,A,A,H,-,A,D,0,,,,,Y,,A,1,0,0,0,0,0,0,0,0,0,-,-,,
6449194,2014,20150223,101,20140315,2500,32,227,6,5,5,101,0,0,0,,0,2,WESTLINE DR,OTIS DR,286,S,N,A,-,N,,,,,,,,,,N,0,0,0,2,B,-,22,,,M,B,E,A,A,H,-,A,D,0,,,,,Y,,-,99,0,0,0,0,0,0,0,0,0,-,-,,
6449195,2014,20150226,101,20140312,2048,83,318,3,5,5,101,0,0,0,,0,3,CLAY ST,REGENT ST,137,E,N,A,-,N,,,,,,,,,,N,0,0,0,2,A,-,21,22106,,M,B,E,A,A,H,-,C,D,0,,,,,Y,,M,47,0,0,0,0,0,0,0,0,0,-,-,,
6449196,2014,20150223,101,20140311,2317,59,244,2,5,5,101,0,0,0,,0,2,LINCOLN AV,WILLOW ST,37,W,N,A,-,N,,,,,,,,,,Y,0,0,0,2,A,-,1,23152,A,N,C,C,A,A,H,-,C,A,0,,,,,Y,Y,A,1,0,0,0,0,0,0,0,0,0,-,-,,
6449197,2014,20150223,101,20140308,1944,28,128,6,5,5,101,0,0,0,,0,1,4TH ST,SANTA CLARA AV,130,S,N,A,-,N,,,,,,,,,,N,0,0,0,2,A,-,3,22350,,N,C,C,A,A,H,-,C,D,0,,,,,Y,,A,1,0,0,0,0,0,0,0,0,0,-,-,,
6449198,2014,20150223,101,20140307,1449,94,326,5,5,5,101,0,0,0,,0,3,PARK ST,ALAMEDA AV,90,N,N,A,-,N,,,,,,,,,,N,0,0,0,2,A,-,3,22350,,N,C,C,A,A,H,-,A,A,0,,,,,Y,,A,1,0,0,0,0,0,0,0,0,0,-,-,,
6449199,2014,20150223,101,20140301,1138,33,306,6,5,5,101,0,0,0,,0,3,SANTA CLARA AV,OAK ST,80,W,N,A,-,N,,,,,,,,,,N,0,0,0,2,A,-,8,22107,,N,B,E,A,A,H,-,A,A,0,,,,,Y,,A,7,0,0,0,0,0,0,0,0,0,-,-,,
6450522,2013,20140513,101,20131107,12,72,112,4,5,5,101,0,0,0,,0,1,RT 260,RALPH APPEZZATO MEMORIAL PKWY,0,,Y,A,-,Y,,,,,,,,,,Y,2,0,1,2,A,-,11,21456,B,N,G,B,B,A,H,-,C,A,0,Y,,,,Y,Y,N,60,1,0,0,0,1,0,0,0,0,-,-,,
6454642,2014,20160414,101,20140406,1448,56,218,7,5,5,101,0,0,0,,0,2,RT 61,BAY ST,0,,Y,A,-,Y,ALA,4,61,-,-,21.33,I,5,S,N,4,0,1,2,A,-,8,22100,A,N,C,C,A,A,H,-,A,D,0,,,,,Y,,A,1,0,0,1,0,0,0,0,0,0,-,-,,
6454646,2014,20150312,101,20140407,1639,44,504,1,5,5,101,0,0,0,,0,5,MAIN ST,WILLIE STARGELL AV,0,,Y,A,-,N,,,,,,,,,,Y,0,0,0,2,A,-,9,21801,A,N,A,C,A,A,H,-,A,A,0,,,,,Y,,A,1,0,0,0,0,0,0,0,0,0,-,-,,
6454650,2014,20150313,101,20140407,2500,57,141,1,5,5,101,0,0,0,,0,1,6TH ST,HAIGHT AV,120,S,N,A,-,N,,,,,,,,,,N,0,0,0,2,A,-,8,22107,,M,B,E,A,A,H,-,A,D,0,,,,,Y,,-,99,0,0,0,0,0,0,0,0,0,-,-,,
6454654,2014,20150313,101,20140408,1519,94,326,2,5,5,101,0,0,0,,0,3,PARK ST,SANTA CLARA AV,51,N,N,A,-,N,,,,,,,,,,N,0,0,0,2,A,-,8,22107,,M,B,E,A,A,H,-,A,D,0,,,,,Y,,A,7,0,0,0,0,0,0,0,0,0,-,-,,
6454658,2014,20150313,101,20140412,1544,17,314,6,5,5,101,0,0,0,,0,3,SHORELINE DR,SOUTHSHORE CENTER,21,W,N,A,-,N,,,,,,,,,,Y,0,0,0,2,A,-,3,22350,,N,C,C,A,A,H,-,A,D,0,,,,,Y,,-,,0,0,0,0,0,0,0,0,0,-,-,,
6454662,2014,20150313,101,20140414,1314,65,305,1,5,5,101,0,0,0,,0,3,OAK ST,LINCOLN AV,43,N,N,A,-,N,,,,,,,,,,N,0,0,0,2,A,-,3,22350,,N,D,E,A,A,H,-,A,D,0,,,,,Y,,A,1,0,0,0,0,0,0,0,0,0,-,-,,
6454666,2014,20160111,101,20140414,1445,17,311,1,5,5,101,0,0,0,,0,3,OTIS DR,PARK ST,21,W,N,A,-,N,,,,,,,,,,Y,0,0,0,3,A,-,7,21658,A,N,D,C,A,A,H,-,A,A,0,,,,,Y,,A,1,0,0,0,0,0,0,0,0,0,-,-,,
6454670,2014,20150317,101,20140415,1758,95,138,2,5,5,101,0,0,0,,0,1,8TH ST,PORTOLA AV,0,,Y,A,-,N,,,,,,,,,,,0,0,0,2,A,-,9,21802,A,N,D,C,A,A,H,-,A,A,0,,,,,Y,,A,1,0,0,0,0,0,0,0,0,0,-,-,,
6454674,2014,20150313,101,20140416,1459,95,112,3,5,5,101,0,0,0,,0,1,RALPH APPEZZATO MEMORIAL PKWY,5TH ST,181,W,N,A,-,N,,,,,,,,,,N,0,0,0,2,A,-,7,21658,A,N,C,G,A,A,H,-,A,D,0,,Y,,,Y,,L,4,0,0,0,0,0,0,0,0,0,-,-,,
6454705,2014,20150313,101,20140403,103,52,254,4,5,5,101,0,0,0,,0,2,CHESTNUT ST,SAN ANTONIO AV,10,S,N,A,-,N,,,,,,,,,,N,0,0,0,1,A,-,8,22107,,M,B,I,A,A,H,-,C,A,0,,,,,Y,,A,7,0,0,0,0,0,0,0,0,0,-,-,,
6454709,2014,20150313,101,20140404,2500,68,124,5,5,5,101,0,0,0,,0,1,PACIFIC AV,6TH ST,145,E,N,C,-,N,,,,,,,,,,N,0,0,0,2,A,-,21,22106,,M,D,E,A,B,H,-,A,D,0,,,,,Y,,-,99,0,0,0,0,0,0,0,0,0,-,-,,
6454713,2014,20150313,101,20140405,2500,46,142,6,5,5,101,0,0,0,,0,1,8TH ST,N CENTRAL AV,51,N,N,A,-,N,,,,,,,,,,N,0,0,0,2,A,-,8,22107,,M,B,E,A,A,H,-,A,D,0,,,,,Y,,-,99,0,0,0,0,0,0,0,0,0,-,-,,
6454717,2014,20150313,101,20140405,1247,33,126,6,5,5,101,0,0,0,,0,1,TAYLOR AV,6TH ST,100,W,N,A,-,N,,,,,,,,,,N,0,0,0,2,A,-,21,22106,,N,D,C,A,A,H,-,A,A,0,,,,,Y,,A,1,0,0,0,0,0,0,0,0,0,-,-,,
6456929,2014,20150305,101,20140408,1216,60,324,2,5,5,101,0,0,0,,0,3,PARK ST,BLANDING AV,80,N,N,A,-,N,,,,,,,,,,N,0,0,0,2,A,-,3,22350,,N,C,C,A,A,H,-,A,A,0,,,,,Y,,D,22,0,0,0,0,0,0,0,0,0,-,-,,
6456933,2014,20140705,101,20140331,1743,57,420,1,5,5,101,0,0,0,,0,4,MAITLAND DR,FLOWER LN,295,E,N,C,-,N,,,,,,,,,,N,3,0,1,2,A,-,1,23152,A,N,C,E,A,B,H,-,A,D,0,,,,,Y,Y,A,7,0,1,0,0,0,0,0,0,0,-,-,,
6457171,2014,20140709,101,20140415,847,60,425,2,5,5,101,0,0,0,,0,4,HARBOR BAY PKWY,NORTH LOOP RD,386,N,N,A,-,N,,,,,,,,,,Y,4,0,3,2,A,-,9,21801,A,N,D,C,A,A,H,-,A,D,0,,,,,Y,,A,1,0,0,3,0,0,0,0,0,0,-,-,,
6458390,2014,20150218,101,20140330,2335,61,314,7,5,5,101,0,0,0,,0,3,SHORELINE DR,PARK ST,0,,Y,A,-,N,,,,,,,,,,Y,0,0,0,1,A,-,1,23152,A,N,A,I,A,A,H,-,C,A,0,,,,,Y,Y,A,1,0,0,0,0,0,0,0,0,0,-,-,,
6459005,2014,20140711,101,20140425,1706,28,316,5,5,5,101,0,0,0,,0,3,PARK ST,SHORELINE DR,246,N,N,B,-,N,,,,,,,,,,N,4,0,2,3,A,-,10,21950,A,N,G,B,C,A,H,-,A,D,0,Y,,,,Y,,A,7,0,0,2,0,2,0,0,0,0,-,-,,
6459009,2014,20140711,101,20140427,1501,34,504,7,5,5,101,0,0,0,,0,5,WILLIE STARGELL AV,MAIN ST,0,,Y,A,-,N,,,,,,,,,,Y,3,0,1,2,A,-,9,21453,B,N,D,C,A,A,H,-,A,A,0,,,Y,,Y,,C,2,0,1,0,0,0,0,0,0,1,-,-,,
6470587,2014,20160223,101,20140316,226,73,147,7,5,5,101,0,0,0,,0,1,RT 260,WEBSTER TUBE,333,S,N,A,-,Y,ALA,4,260,-,R,1.78,H,-,S,Y,4,0,2,2,A,-,1,23153,A,N,C,C,A,A,H,-,C,D,0,,,,,Y,Y,A,1,0,0,2,0,0,0,0,0,0,-,-,,
6470591,2014,20140708,101,20140325,2011,57,223,2,5,5,101,0,0,0,,0,2,GRAND ST,DAYTON AV,0,,Y,B,-,N,,,,,,,,,,N,3,0,1,2,A,-,14,21201,D,N,A,G,A,A,H,-,C,D,0,,Y,,,Y,,L,4,0,1,0,0,0,0,1,0,0,-,-,,
6470592,2014,20150219,101,20140315,332,50,402,6,5,5,101,0,0,0,,0,4,HARBOR BAY PKWY,RON COWAN PKWY,22,N,N,A,-,N,,,,,,,,,,N,0,0,0,1,A,-,3,22350,,N,A,I,A,A,H,-,C,A,0,,,,,Y,,A,1,0,0,0,0,0,0,0,0,0,-,-,,
6470595,2014,20140708,101,20140326,1619,83,221,3,5,5,101,0,0,0,,0,2,LINCOLN AV,SHERMAN ST,246,W,N,C,-,N,,,,,,,,,,Y,2,0,1,3,C,-,18,,,N,B,E,A,B,H,-,A,A,0,,,,,Y,,-,- ,1,0,0,0,0,0,0,0,0,-,-,,
6470596,2014,20160119,101,20140317,1148,79,318,1,5,5,101,0,0,0,,0,3,RT 61,PARK ST,156,E,N,A,-,Y,ALA,4,61,-,-,20.05,H,-,S,Y,0,0,0,2,A,-,9,21804,A,N,A,C,A,A,H,-,A,D,0,,,,,Y,,A,7,0,0,0,0,0,0,0,0,0,-,-,,
6470600,2014,20150219,101,20140317,1822,17,326,1,5,5,101,0,0,0,,0,3,PARK ST,ENCINAL AV,58,N,N,A,-,N,,,,,,,,,,N,0,0,0,2,A,-,21,22106,,M,C,C,A,A,H,-,A,A,0,,,,,Y,,A,1,0,0,0,0,0,0,0,0,0,-,-,,
6470604,2014,20150219,101,20140322,2135,17,333,6,5,5,101,0,0,0,,0,3,VERSAILLES AV,ENCINAL AV,13,N,N,A,-,N,,,,,,,,,,Y,0,0,0,1,A,-,1,23152,A,N,E,I,A,A,H,-,C,A,0,,,,,Y,Y,A,1,0,0,0,0,0,0,0,0,0,-,-,,
6470608,2014,20160119,101,20140323,2037,89,321,7,5,5,101,0,0,0,,0,3,RT 61,BROADWAY,0,,Y,A,-,Y,ALA,4,61,-,-,19.84,I,5,S,Y,0,0,0,2,A,-,9,21801,A,N,D,C,A,A,A,-,C,A,0,,,,,Y,,A,1,0,0,0,0,0,0,0,0,0,-,-,,
6470612,2014,20150219,101,20140324,1405,56,211,1,5,5,101,0,0,0,,0,2,BUENA VISTA AV,PARU ST,119,E,N,A,-,N,,,,,,,,,,Y,0,0,0,2,A,-,2,22400,A,M,C,C,A,A,H,-,A,D,0,,,,,Y,,A,1,0,0,0,0,0,0,0,0,0,-,-,,
6470616,2014,20150219,101,20140326,1708,33,406,3,5,5,101,0,0,0,,0,4,PUDDINGSTONE RD,ROBERT DAVEY JR RD,75,N,N,B,-,N,,,,,,,,,,N,0,0,0,2,A,-,1,23152,,N,B,E,A,B,H,-,A,A,0,,,,,Y,Y,A,1,0,0,0,0,0,0,0,0,0,-,-,,
6470620,2014,20150219,101,20140330,1711,17,321,7,5,5,101,0,0,0,,0,3,SANTA CLARA AV,BROADWAY,49,E,N,A,-,N,,,,,,,,,,Y,0,0,0,2,A,-,21,22106,,N,C,C,A,A,H,-,A,A,0,,,,,Y,,A,1,0,0,0,0,0,0,0,0,0,-,-,,
6473089,2014,20150310,101,20140402,754,32,250,3,5,5,101,0,0,0,,0,2,CONSTITUTION WY,MARINA VILLAGE PKWY,395,N,N,B,-,N,,,,,,,,,,Y,0,0,0,2,A,-,3,22350,,N,C,C,A,B,H,-,A,A,0,,,,,Y,,A,1,0,0,0,0,0,0,0,0,0,-,-,,
6473093,2014,20150316,101,20140417,1530,95,138,4,5,5,101,0,0,0,,0,1,OTIS DR,WESTLINE DR,0,,Y,A,-,N,,,,,,,,,,Y,0,0,0,2,A,-,9,21801,A,N,D,C,A,A,H,-,A,A,0,,,,,Y,,A,1,0,0,0,0,0,0,0,0,0,-,-,,
6473097,2014,20150330,101,20140426,1502,41,250,6,5,5,101,0,0,0,,0,2,CONSTITUTION WY,MARINA VILLAGE PKWY,144,S,N,A,-,N,,,,,,,,,,N,0,0,0,2,A,-,8,22107,,M,C,E,A,A,H,-,A,D,0,,,,,Y,,-,99,0,0,0,0,0,0,0,0,0,-,-,,
6475632,2014,20140707,101,20140331,1428,89,112,1,5,5,101,0,0,0,,0,1,RALPH APPEZZATO PKWY,POGGI ST,0,,Y,C,-,N,,,,,,,,,,N,4,0,1,2,A,-,12,21453,A,N,D,G,A,B,H,-,A,A,0,,Y,,,Y,,L,4,0,0,1,0,0,0,1,0,0,-,-,,
6475636,2014,20140707,101,20140330,2031,79,305,7,5,5,101,0,0,0,,0,3,LINCOLN AV,WALNUT ST,21,W,N,A,-,N,,,,,,,,,,Y,4,0,1,2,A,-,9,21802,A,N,D,C,A,A,H,-,C,A,0,,,,,Y,,A,1,0,0,1,0,0,0,0,0,0,-,-,,
6475640,2014,20140707,101,20140330,1832,75,221,7,5,5,101,0,0,0,,0,2,PACIFIC AV,STANTON ST,11,W,N,B,-,N,,,,,,,,,,N,4,0,1,2,A,-,9,21802,A,M,B,C,A,A,H,-,B,-,0,,Y,,,Y,,A,1,0,0,1,0,0,0,1,0,0,-,-,,
6475738,2014,20150219,101,20140313,1730,32,219,4,5,5,101,0,0,0,,0,2,PACIFIC AV,SHERMAN ST,15,W,N,A,-,N,,,,,,,,,,N,0,0,0,2,A,-,9,21801,A,M,B,G,A,A,H,-,A,A,0,,Y,,,Y,,A,8,0,0,0,0,0,0,0,0,0,-,-,,
6475742,2014,20150219,101,20140329,2111,61,309,6,5,5,101,0,0,0,,0,3,OAK ST,ENCINAL AV,61,,N,B,-,N,,,,,,,,,,N,0,0,0,2,A,-,3,22350,,N,G,B,E,B,H,-,C,D,0,Y,,,,Y,,A,1,0,0,0,0,0,0,0,0,0,-,-,,
6475746,2014,20150219,101,20140328,1503,33,243,5,5,5,101,0,0,0,,0,2,CENTRAL AV,CHESTNUT ST,50,W,N,A,-,N,,,,,,,,,,N,0,0,0,2,A,-,21,22106,,N,B,C,A,A,H,-,A,A,0,,,,,Y,,A,1,0,0,0,0,0,0,0,0,0,-,-,,
6475750,2014,20160119,101,20140327,750,32,334,4,5,5,101,0,0,0,,0,3,RT 61,PEARL ST,20,E,N,B,-,Y,ALA,4,61,-,-,19.4,I,5,N,N,0,0,0,2,A,-,9,21801,A,M,B,C,A,A,H,-,A,D,0,,,,,Y,,A,1,0,0,0,0,0,0,0,0,0,-,-,,
6475843,2014,20160414,101,20140405,1544,41,105,6,5,5,101,0,0,0,,0,1,RT 260,WILLIE STARGELL AV,2112,N,N,A,-,Y,ALA,4,260,-,R,1.25,H,-,N,N,4,0,1,1,A,-,8,22107,,N,B,I,A,A,H,-,A,D,0,,Y,,,Y,,L,4,0,0,1,0,0,0,1,0,0,-,-,,
6475847,2014,20140716,101,20140405,206,79,147,6,5,5,101,0,0,0,,0,1,CENTRAL AV,3RD ST,241,W,N,A,-,N,,,,,,,,,,Y,3,0,1,2,A,-,1,23152,,N,F,E,A,A,H,-,C,D,0,,,,,Y,Y,A,1,0,1,0,0,0,0,0,0,0,-,-,,
6475902,2014,20151215,101,20140429,1730,39,124,2,5,5,101,0,0,0,,0,1,RT 260,PACIFIC AV,33,N,N,A,-,N,,,,,,,,,,N,4,0,1,2,A,-,3,22350,,M,C,C,A,A,H,-,A,A,0,,,,,Y,,-,99,0,0,1,0,0,0,0,0,0,-,-,,
6475906,2014,20140724,101,20140425,1649,73,142,5,5,5,101,0,0,0,,0,2,SANTA CLARA AV,8TH ST,0,,Y,B,-,N,,,,,,,,,,Y,4,0,3,2,A,-,12,21453,A,N,D,C,A,A,H,-,A,A,0,,,,,Y,,A,1,0,0,3,0,0,0,0,0,0,-,-,,
6475910,2014,20140724,101,20140424,932,95,302,4,5,5,101,0,0,0,,0,3,BLANDING AV,PARK ST,0,,Y,B,-,N,,,,,,,,,,Y,4,0,1,2,A,-,8,22100,B,N,D,C,A,A,H,-,A,A,0,,,Y,,Y,,A,1,0,0,1,0,0,0,0,0,1,-,-,,
6475914,2014,20140724,101,20140422,1402,95,250,2,5,5,101,0,0,0,,0,2,MARINA VILLAGE PKWY,MARINER SQUARE DR,1071,S,N,A,-,N,,,,,,,,,,Y,3,0,1,1,A,-,8,22107,,N,A,J,A,A,H,-,A,D,0,,,,,Y,,A,1,0,1,0,0,0,0,0,0,0,-,-,,
6475918,2014,20140724,101,20140421,1006,86,306,1,5,5,101,0,0,0,,0,3,SANTA CLARA AV,OAK ST,0,,Y,B,-,N,,,,,,,,,,Y,4,0,1,2,A,-,9,21801,A,N,D,C,A,A,H,-,A,A,0,,,,,Y,,A,1,0,0,1,0,0,0,0,0,0,-,-,,
6476482,2014,20150316,101,20140424,634,94,316,4,5,5,101,0,0,0,,0,3,BROADWAY,BAYVIEW DR,92,S,N,A,-,N,,,,,,,,,,Y,0,0,0,2,A,-,8,22107,,M,B,E,A,A,H,-,B,D,0,,,,,Y,,A,7,0,0,0,0,0,0,0,0,0,-,-,,
6476486,2014,20160108,101,20140426,1749,70,123,6,5,5,101,0,0,0,,0,1,RT 61,BUENA VISTA AV,118,S,N,A,-,N,,,,,,,,,,N,0,0,0,2,A,-,8,22107,,M,B,C,A,A,H,-,A,D,0,,,,,Y,,-,99,0,0,0,0,0,0,0,0,0,-,-,,
6476490,2014,20150309,101,20140428,1422,94,311,1,5,5,101,0,0,0,,0,3,PARK ST,OTIS DR,39,N,N,A,-,N,,,,,,,,,,N,0,0,0,2,A,-,3,22350,,N,C,C,A,A,H,-,A,A,0,,,,,Y,,A,1,0,0,0,0,0,0,0,0,0,-,-,,