CASE_ID,ACCIDENT_YEAR,PROC_DATE,JURIS,COLLISION_DATE,COLLISION_TIME,OFFICER_ID,REPORTING_DISTRICT,DAY_OF_WEEK,CHP_SHIFT,POPULATION,CNTY_CITY_LOC,SPECIAL_COND,BEAT_TYPE,CHP_BEAT_TYPE,CITY_DIVISION_LAPD,CHP_BEAT_CLASS,BEAT_NUMBER,PRIMARY_RD,SECONDARY_RD,DISTANCE,DIRECTION,INTERSECTION,WEATHER_1,WEATHER_2,STATE_HWY_IND,CALTRANS_COUNTY,CALTRANS_DISTRICT,STATE_ROUTE,ROUTE_SUFFIX,POSTMILE_PREFIX,POSTMILE,LOCATION_TYPE,RAMP_INTERSECTION,SIDE_OF_HWY,TOW_AWAY,COLLISION_SEVERITY,NUMBER_KILLED,NUMBER_INJURED,PARTY_COUNT,PRIMARY_COLL_FACTOR,PCF_CODE_OF_VIOL,PCF_VIOL_CATEGORY,PCF_VIOLATION,PCF_VIOL_SUBSECTION,HIT_AND_RUN,TYPE_OF_COLLISION,MVIW,PED_ACTION,ROAD_SURFACE,ROAD_COND_1,ROAD_COND_2,LIGHTING,CONTROL_DEVICE,CHP_ROAD_TYPE,PEDESTRIAN_ACCIDENT,BICYCLE_ACCIDENT,MOTORCYCLE_ACCIDENT,TRUCK_ACCIDENT,NOT_PRIVATE_PROPERTY,ALCOHOL_INVOLVED,STWD_VEHTYPE_AT_FAULT,CHP_VEHTYPE_AT_FAULT,COUNT_SEVERE_INJ,COUNT_VISIBLE_INJ,COUNT_COMPLAINT_PAIN,COUNT_PED_KILLED,COUNT_PED_INJURED,COUNT_BICYCLIST_KILLED,COUNT_BICYCLIST_INJURED,COUNT_MC_KILLED,COUNT_MC_INJURED,PRIMARY_RAMP,SECONDARY_RAMP,LATITUDE,LONGITUDE
6629675,2014,20150526,101,20140901,515,22,245,1,5,5,101,0,0,0,,0,2,PACIFIC AV,UNION ST,40,E,N,A,-,N,,,,,,,,,,Y,0,0,0,2,A,-,8,22107,,M,B,E,A,A,H,-,C,D,0,,,,,Y,,A,1,0,0,0,0,0,0,0,0,0,-,-,,
6629678,2014,20150526,101,20140915,1300,86,304,1,5,5,101,0,0,0,,0,3,BUENA VISTA AV,WALNUT ST,0,,Y,A,-,N,,,,,,,,,,Y,0,0,0,2,D,-,0,,,N,D,D,A,A,H,-,A,A,0,,,,,Y,,-,- ,0,0,0,0,0,0,0,0,0,-,-,,
6629702,2014,20141006,101,20140901,1938,59,219,1,5,5,101,0,0,0,,0,2,PACIFIC AV,SHERMAN ST,0,,Y,A,-,N,,,,,,,,,,N,4,0,1,2,A,-,9,21802,A,N,D,C,A,A,H,-,B,A,0,,,,,Y,,-,,0,0,1,0,0,0,0,0,0,-,-,,
6629706,2014,20140929,101,20140912,805,42,242,5,5,5,101,0,0,0,,0,2,SAN ANTONIO AV,WILLOW ST,5,E,N,A,-,N,,,,,,,,,,N,3,0,1,2,A,-,9,21802,A,F,D,G,A,A,H,-,A,A,0,,Y,,,Y,,-,99,0,1,0,0,0,0,1,0,0,-,-,,
6629927,2014,20160514,101,20140802,22,37,147,6,5,5,101,0,0,0,,0,1,RT 260,WILLIE STARGELL AV,1285,N,N,A,-,Y,ALA,4,260,-,R,1.1,H,-,S,Y,2,0,1,1,A,-,3,22350,,N,E,I,A,A,H,-,C,D,0,,,Y,,Y,,C,2,1,0,0,0,0,0,0,0,1,-,-,,
6629959,2014,20140926,101,20140830,836,32,245,6,5,5,101,0,0,0,,0,2,CHESTNUT ST,EAGLE AV,52800,N,N,A,-,N,,,,,,,,,,Y,4,0,2,2,A,-,1,23152,A,N,D,C,A,A,H,-,A,A,0,,,,,Y,Y,A,1,0,0,2,0,0,0,0,0,0,-,-,,
6629967,2014,20160525,101,20140828,751,86,105,4,5,5,101,0,0,0,,0,1,RT 260,WILLIE STARGELL AV,1056,N,N,A,-,Y,ALA,4,260,-,R,1.03,H,-,N,Y,0,0,0,2,A,-,3,22350,,N,C,C,A,A,H,-,A,D,0,,,,,Y,,A,1,0,0,0,0,0,0,0,0,0,-,-,,
6630242,2014,20150514,101,20140911,1237,94,511,4,5,5,101,0,0,0,,0,3,PARK ST,OTIS DR,105,N,N,A,-,N,,,,,,,,,,N,0,0,0,1,A,-,3,22350,,N,E,I,A,A,H,-,A,D,0,,,,Y,Y,,G,25,0,0,0,0,0,0,0,0,0,-,-,,
6630246,2014,20160513,101,20140916,1516,55,141,2,5,5,101,0,0,0,,0,1,WEBSTER ST,CENTRAL AV,5280,S,N,A,-,Y,ALA,4,61,-,-,21.996,I,5,S,N,0,0,0,1,A,-,8,22107,,N,B,I,A,A,H,-,A,A,0,,,,,Y,,D,22,0,0,0,0,0,0,0,0,0,-,-,,
6630759,2014,20141008,101,20140828,850,86,305,4,5,5,101,0,0,0,,0,3,LINCOLN AV,WALNUT ST,0,,Y,B,-,N,,,,,,,,,,N,4,0,1,2,A,-,9,21802,A,N,D,D,A,A,H,-,A,A,0,,,,,Y,,D,22,0,0,1,0,0,0,0,0,0,-,-,,
6630763,2014,20150501,101,20140801,720,23,414,5,5,5,101,0,0,0,,0,4,HOLLY ST,CATALINA AV,240,N,N,A,-,N,,,,,,,,,,N,0,0,0,2,A,-,9,21804,A,M,B,C,A,A,H,-,A,D,0,,,,,Y,,A,1,0,0,0,0,0,0,0,0,0,-,-,,
6630789,2014,20141003,101,20140829,1807,41,216,5,5,5,101,0,0,0,,0,00Z,8TH ST,PORTOLA AV,171,N,N,A,-,N,,,,,,,,,,N,4,0,2,3,A,-,3,22350,,N,C,C,A,A,H,-,A,D,0,,,,,Y,,A,1,0,0,2,0,0,0,0,0,0,-,-,,
6630793,2014,20141002,101,20140810,1518,75,146,7,5,5,101,0,0,0,,0,1,ATLANTIC AV,CONSTITUTION WY,38,E,N,A,-,N,,,,,,,,,,Y,4,0,1,2,A,-,9,21801,A,N,D,C,A,A,H,-,A,A,0,,,,,Y,,A,1,0,0,1,0,0,0,0,0,0,-,-,,
6632680,2014,20141107,101,20140910,604,72,124,3,5,5,101,0,0,0,,0,1,BUENA VISTA AV,BRUZZONE DR,178,E,N,A,-,N,,,,,,,,,,N,0,0,0,2,A,-,8,22107,,N,B,E,A,A,H,-,B,D,0,,,,,Y,,A,1,0,0,0,0,0,0,0,0,0,-,-,,
6638536,2014,20160205,101,20140909,1056,95,142,2,5,5,101,0,0,0,,0,1,RT 261,HAIGHT AV,46,S,N,A,-,N,,,,,,,,,,N,0,0,0,1,A,-,3,22350,,N,A,I,A,A,H,-,A,D,0,,,,,Y,,A,1,0,0,0,0,0,0,0,0,0,-,-,,
6638540,2014,20150520,101,20140909,1128,95,333,2,5,5,101,0,0,0,,0,3,CENTRAL AV,COURT ST,0,,Y,A,-,N,,,,,,,,,,Y,0,0,0,2,A,-,9,21802,A,N,D,C,A,A,H,-,A,A,0,,,,,Y,,A,1,0,0,0,0,0,0,0,0,0,-,-,,
6638732,2014,20150509,101,20140828,1235,88,404,4,5,5,101,0,0,0,,0,4,ROBERT DAVEY JR DR,ISLAND,9,W,N,A,-,N,,,,,,,,,,N,0,0,0,2,A,-,5,21650,,N,D,G,A,A,H,-,A,A,0,,Y,,,Y,,L,4,0,0,0,0,0,0,0,0,0,-,-,,
6638736,2014,20150509,101,20140814,2130,83,342,4,5,5,101,0,0,0,,0,3,FERNSIDE BL,MADISON ST,42,N,N,A,-,N,,,,,,,,,,Y,0,0,0,1,A,-,8,22107,,N,E,I,A,A,H,-,C,D,0,,,,,Y,,A,1,0,0,0,0,0,0,0,0,0,-,-,,
6638740,2014,20150509,101,20140828,1732,41,138,4,5,5,101,0,0,0,,0,1,OTIS DR,WESTLINE DR,0,,Y,A,-,N,,,,,,,,,,Y,0,0,0,1,A,-,8,22107,,N,A,I,A,A,H,-,A,A,0,,,,,Y,,A,1,0,0,0,0,0,0,0,0,0,-,-,,
6638744,2014,20150509,101,20140809,2500,89,241,6,5,5,101,0,0,0,,0,2,GRAND ST,OTIS DR,220,N,N,B,-,N,,,,,,,,,,N,0,0,0,2,A,-,8,22107,,M,C,E,A,A,H,-,C,D,0,,,,,Y,,-,99,0,0,0,0,0,0,0,0,0,-,-,,
6638748,2014,20150514,101,20140822,1639,23,515,5,5,5,101,0,0,0,,0,5,W MIDWAY AV,ORION,81,W,N,A,-,N,,,,,,,,,,N,0,0,0,1,C,-,18,,,N,E,J,A,A,H,-,A,D,0,,,,,Y,,-,- ,0,0,0,0,0,0,0,0,0,-,-,,
6656602,2014,20141022,101,20140926,1834,49,128,5,5,5,101,0,0,0,,0,1,CENTRAL AV,4TH ST,400,E,N,A,-,N,,,,,,,,,,N,0,0,0,2,A,-,8,22107,,N,B,C,A,-,A,H,A,D,0,,,,,Y,,J,41,0,0,0,0,0,0,0,0,0,-,-,,
6661122,2014,20150603,101,20141003,1525,95,128,5,5,5,101,0,0,0,,0,1,TAYLOR AV,4TH ST,0,,Y,A,-,N,,,,,,,,,,N,0,0,0,2,A,-,9,21802,A,N,D,C,A,A,H,-,A,A,0,,,,,Y,,A,1,0,0,0,0,0,0,0,0,0,-,-,,
6661126,2014,20150603,101,20141006,25,32,407,1,5,5,101,0,0,0,,0,4,ISLAND DR,ROBERT DAVEY JR DR,247,S,N,A,-,N,,,,,,,,,,Y,0,0,0,1,A,-,8,22107,,N,B,I,A,A,H,-,C,D,0,,,,,Y,,A,7,0,0,0,0,0,0,0,0,0,-,-,,
6661150,2014,20160408,101,20141006,1724,49,214,1,5,5,101,0,0,0,,0,2,CENTRAL AV,CAROLINE ST,36,W,N,A,-,N,,,,,,,,,,N,0,0,0,2,A,-,17,22517,,M,B,E,A,A,H,-,A,D,0,,,,,Y,,A,1,0,0,0,0,0,0,0,0,0,-,-,,
6661154,2014,20160328,101,20141008,813,55,124,3,5,5,101,0,0,0,,0,1,RT 61,PACIFIC AV,0,,Y,B,-,N,,,,,,,,,,Y,0,0,0,2,A,-,12,21453,A,N,D,C,A,A,H,-,A,A,0,,,,,Y,,A,1,0,0,0,0,0,0,0,0,0,-,-,,
6661185,2014,20150603,101,20141001,749,77,326,3,5,5,101,0,0,0,,0,3,PARK AV,CENTRAL AV,36,S,N,A,-,N,,,,,,,,,,N,0,0,0,2,A,-,21,22106,,N,A,C,A,A,H,-,A,A,0,,,,,Y,,-,,0,0,0,0,0,0,0,0,0,-,-,,
6661189,2014,20160411,101,20141002,1300,56,124,4,5,5,101,0,0,0,,0,1,BUENA VISTA AV,RT 260,111,W,N,A,-,N,,,,,,,,,,Y,0,0,0,3,A,-,9,21804,A,N,D,C,A,A,H,-,A,D,0,,,,,Y,,A,1,0,0,0,0,0,0,0,0,0,-,-,,
6661193,2014,20150603,101,20141003,653,85,213,5,5,5,101,0,0,0,,0,2,BUENA VISTA AV,8TH ST,31,W,N,A,-,N,,,,,,,,,,Y,0,0,0,3,A,-,8,22107,,N,C,E,A,A,H,-,A,D,0,,,Y,,Y,,A,7,0,0,0,0,0,0,0,0,0,-,-,,
6661221,2014,20150420,101,20140727,1346,65,3,7,5,5,101,0,0,0,,0,330,HIGH ST,MARINA DR,28,S,N,A,-,N,,,,,,,,,,N,0,0,0,2,A,-,3,22350,,N,C,C,A,A,H,-,A,D,0,,,,,Y,,A,1,0,0,0,0,0,0,0,0,0,-,-,,
6663768,2014,20150519,101,20140930,1500,95,128,2,5,5,101,0,0,0,,0,1,CENTRAL AV,5TH ST,382,W,N,A,-,N,,,,,,,,,,N,0,0,0,2,A,-,8,22107,,N,B,C,A,A,H,-,A,B,0,,,,,Y,,D,22,0,0,0,0,0,0,0,0,0,-,-,,
6663769,2014,20150612,101,20141003,936,95,243,5,5,5,101,0,0,0,,0,2,CENTRAL AV,WILLOW ST,0,,Y,A,-,N,,,,,,,,,,N,0,0,0,2,A,-,8,22107,,N,B,C,A,A,H,-,A,A,0,,,,,Y,,E,22,0,0,0,0,0,0,0,0,0,-,-,,
6663770,2014,20160120,101,20141005,1441,59,123,7,5,5,101,0,0,0,,0,1,RT 260,WEBSTER ST,0,,Y,A,-,N,,,,,,,,,,Y,4,0,3,3,A,-,3,22350,,N,C,C,A,A,H,-,A,A,0,,,,,Y,,D,22,0,0,3,0,0,0,0,0,0,-,-,,
6663771,2014,20150612,101,20141007,704,86,333,2,5,5,101,0,0,0,,0,3,VERSAILLES AV,SANTA CLARA AV,84,S,N,A,-,N,,,,,,,,,,N,0,0,0,3,C,-,18,,,N,C,E,A,A,H,-,B,D,0,,,,Y,Y,,-,- ,0,0,0,0,0,0,0,0,0,-,-,,
6663772,2014,20150612,101,20141008,1542,95,333,3,5,5,101,0,0,0,,0,3,SANTA CLARA AV,PEARL ST,0,,Y,A,-,N,,,,,,,,,,N,0,0,0,2,A,-,9,21802,A,N,D,C,A,A,H,-,A,A,0,,,,,Y,,D,22,0,0,0,0,0,0,0,0,0,-,-,,
6663849,2014,20150515,101,20140928,2500,36,305,7,5,5,101,0,0,0,,0,3,LINCOLN AV,OAK ST,181,W,N,A,-,N,,,,,,,,,,N,0,0,0,2,A,-,8,22107,,N,B,E,A,A,H,-,C,D,0,,,,,Y,,-,99,0,0,0,0,0,0,0,0,0,-,-,,
6663850,2014,20150515,101,20140928,1337,83,306,7,5,5,101,0,0,0,,0,3,SANTA CLARA AV,OAK ST,0,,Y,A,-,N,,,,,,,,,,Y,0,0,0,2,A,-,9,21801,A,N,B,C,A,A,H,-,A,A,0,,,,,Y,,A,1,0,0,0,0,0,0,0,0,0,-,-,,
6663851,2014,20150515,101,20140927,1201,18,123,6,5,5,101,0,0,0,,0,1,BUENA VISTA AV,WEBSTER ST,16,W,N,A,-,N,,,,,,,,,,N,0,0,0,2,A,-,12,21453,A,N,D,C,A,A,H,-,A,A,0,,,Y,,Y,,A,7,0,0,0,0,0,0,0,0,0,-,-,,
6663852,2014,20150515,101,20140926,1855,10,406,5,5,5,101,0,0,0,,0,4,PUDDINGSTONE RD,ROBERT DAVEY JR DR,33,N,N,A,-,N,,,,,,,,,,N,0,0,0,2,A,-,21,22106,,N,D,C,A,A,H,-,C,A,0,,,Y,,Y,,A,1,0,0,0,0,0,0,0,0,0,-,-,,
6663952,2014,20141117,101,20141007,1313,86,327,2,5,5,101,0,0,0,,0,3,PARK ST,PACIFIC AV,0,,Y,A,-,N,,,,,,,,,,N,4,0,1,1,A,-,8,22100,A,N,E,G,A,A,H,-,A,D,0,,Y,,,Y,,L,4,0,0,1,0,0,0,1,0,0,-,-,,
6663953,2014,20141117,101,20141005,1617,49,226,7,5,5,101,0,0,0,,0,2,GRAND ST,OTIS DR,0,,Y,A,-,N,,,,,,,,,,N,4,0,1,2,A,-,12,21453,A,N,D,G,A,A,H,-,A,A,0,,Y,,,Y,,L,4,0,0,1,0,0,0,1,0,0,-,-,,
6667123,2014,20150602,101,20140926,622,77,410,5,5,5,101,0,0,0,,0,4,MECARTNEY RD,BAYWALK RD,80,W,N,A,-,N,,,,,,,,,,N,0,0,0,2,A,-,8,22107,,M,C,E,A,A,H,-,C,D,0,,,,,Y,,-,99,0,0,0,0,0,0,0,0,0,-,-,,
6667127,2014,20150602,101,20140925,813,56,222,4,5,5,101,0,0,0,,0,2,GRAND ST,ENCINAL AV,116,N,N,C,-,N,,,,,,,,,,N,0,0,0,2,A,-,3,22350,,N,C,C,A,B,H,-,A,A,0,,,,,Y,,A,1,0,0,0,0,0,0,0,0,0,-,-,,
6667131,2014,20150602,101,20140924,1415,94,340,3,5,5,101,0,0,0,,0,3,COURT ST,CALHOUN ST,0,,Y,A,-,N,,,,,,,,,,N,0,0,0,1,A,-,21,22106,,M,E,I,A,A,H,-,A,D,0,,,,,Y,Y,-,99,0,0,0,0,0,0,0,0,0,-,-,,
6667135,2014,20150529,101,20140923,1535,95,314,2,5,5,101,0,0,0,,0,3,OTIS DR,S SHORE CENTER DR,106,E,N,A,-,N,,,,,,,,,,N,0,0,0,2,A,-,8,22107,,N,B,C,A,A,H,-,A,D,0,,,,,Y,,A,1,0,0,0,0,0,0,0,0,0,-,-,,
6667139,2014,20160121,101,20140923,1930,44,124,2,5,5,101,0,0,0,,0,1,WEBSTER ST,PACIFIC AV,42,N,N,A,-,N,,,,,,,,,,N,0,0,0,2,A,-,8,22107,,N,B,E,A,A,H,-,B,D,0,,,,,Y,,A,7,0,0,0,0,0,0,0,0,0,-,-,,
6667143,2014,20150529,101,20140923,1401,56,303,2,5,5,101,0,0,0,,0,3,PARK ST,CLEMENT AV,25,S,N,A,-,N,,,,,,,,,,N,0,0,0,2,A,-,3,22350,,N,C,C,A,A,A,-,A,A,0,,,,,Y,,A,1,0,0,0,0,0,0,0,0,0,-,-,,
6667147,2014,20150529,101,20140921,206,23,213,7,5,5,101,0,0,0,,0,2,PACIFIC AV,WOOD ST,169,E,N,A,-,N,,,,,,,,,,Y,0,0,0,2,A,-,8,22107,,N,B,E,A,A,H,-,C,D,0,,,,,Y,,A,1,0,0,0,0,0,0,0,0,0,-,-,,
6667151,2014,20150529,101,20140919,1305,17,305,5,5,5,101,0,0,0,,0,3,PARK ST,BUENA VISTA AV,0,,Y,A,-,N,,,,,,,,,,Y,0,0,0,2,A,-,9,21801,A,N,D,C,A,A,H,-,A,A,0,,,,,Y,,A,1,0,0,0,0,0,0,0,0,0,-,-,,
6667155,2014,20150529,101,20140921,1131,37,326,7,5,5,101,0,0,0,,0,3,CENTRAL AV,PARK ST,108,W,N,B,-,N,,,,,,,,,,N,0,0,0,2,A,-,21,22106,,N,B,C,A,A,H,-,A,D,0,,,,,Y,,A,7,0,0,0,0,0,0,0,0,0,-,-,,
6667159,2014,20150528,101,20140921,1758,46,128,7,5,5,101,0,0,0,,0,1,TAYLOR AV,4TH ST,74,W,N,A,-,N,,,,,,,,,,N,0,0,0,1,A,-,8,22107,,N,E,I,A,A,H,-,A,D,0,,,,,Y,,-,,0,0,0,0,0,0,0,0,0,-,-,,
6667351,2014,20141107,101,20140919,644,95,213,5,5,5,101,0,0,0,,0,2,BUENA VISTA AV,SAINT CHARLES ST,0,,Y,B,-,N,,,,,,,,,,Y,4,0,1,2,A,-,9,21802,A,N,D,C,A,A,H,-,B,A,0,,,,,Y,,I,9,0,0,1,0,0,0,0,0,0,-,-,,
6667359,2014,20160202,101,20140923,1346,55,123,2,5,5,101,0,0,0,,0,1,RT 61,BUENA VISTA AV,9,N,N,A,-,N,,,,,,,,,,Y,0,0,0,1,A,-,8,22107,,N,B,I,A,A,H,-,A,A,0,,,,,Y,,D,22,0,0,0,0,0,0,0,0,0,-,-,,
6667444,2014,20141104,101,20140919,1252,11,113,5,5,5,101,0,0,0,,0,1,RALPH APPEZZATO PKWY,MAIN ST,0,,Y,A,-,N,,,,,,,,,,Y,3,0,1,1,C,-,18,,,N,E,I,A,A,H,-,A,A,0,,,,,Y,,-,- ,0,1,0,0,0,0,0,0,0,-,-,,
6667448,2014,20160518,101,20140909,1700,59,222,2,5,5,101,0,0,0,,0,2,RT 61,MORTON ST,32,E,N,A,-,Y,ALA,4,61,-,-,21.21,H,-,N,N,4,0,1,1,C,-,18,,,N,H,A,A,A,H,-,A,D,0,,Y,,,Y,Y,-,- ,0,0,1,0,0,0,1,0,0,-,-,,
6667511,2014,20141110,101,20140922,1945,36,306,1,5,5,101,0,0,0,,0,3,CENTRAL AV,WALNUT ST,17,E,N,A,-,N,,,,,,,,,,Y,4,0,2,4,A,-,12,22450,A,N,D,C,A,A,H,-,C,D,0,,,,,Y,,A,1,0,0,2,0,0,0,0,0,0,-,-,,
6667515,2014,20141104,101,20140917,2203,10,318,3,5,5,101,0,0,0,,0,3,SAN JOSE AV,REGENT ST,0,,Y,A,-,N,,,,,,,,,,N,4,0,2,2,A,-,9,21802,A,N,D,D,A,A,H,-,C,A,0,,,,,Y,,A,1,0,0,2,0,0,0,0,0,0,-,-,,
6673561,2014,20150209,101,20141125,1230,959,303,2,5,5,101,0,0,0,,0,3,PARK ST,LINCOLN AV,165,S,N,A,-,N,,,,,,,,,,N,0,0,0,2,A,-,3,22350,,N,C,C,A,A,H,-,A,D,0,,,,,Y,,A,1,0,0,0,0,0,0,0,0,0,-,-,,
6673581,2014,20150209,101,20141129,1331,17,325,6,5,5,101,0,0,0,,0,3,PARK ST,OTIS ST,176,N,N,A,-,N,,,,,,,,,,N,0,0,0,2,A,-,21,22106,,N,D,C,A,A,H,-,A,D,0,,,,,Y,,D,73,0,0,0,0,0,0,0,0,0,-,-,,
6675631,2014,20150610,101,20141004,2500,85,242,6,5,5,101,0,0,0,,0,2,WILLOW ST,ENCINAL AV,54,N,N,A,-,N,,,,,,,,,,N,0,0,0,2,A,-,8,22107,,M,B,E,A,A,H,-,C,D,0,,,,,Y,,-,99,0,0,0,0,0,0,0,0,0,-,-,,
6675632,2014,20150610,101,20141012,1117,83,123,7,5,5,101,0,0,0,,0,1,WEBSTER ST,BUENA VISTA AV,8,N,N,A,-,N,,,,,,,,,,N,0,0,0,1,A,-,8,22107,,N,E,I,A,A,H,-,A,A,0,,,,Y,Y,,F,27,0,0,0,0,0,0,0,0,0,-,-,,
6675633,2014,20150610,101,20141013,1419,94,331,1,5,5,101,0,0,0,,0,3,HIGH ST,LINCOLN AV,0,,Y,A,-,N,,,,,,,,,,N,0,0,0,2,A,-,3,22350,,N,C,C,A,A,H,-,A,D,0,,,,,Y,,D,22,0,0,0,0,0,0,0,0,0,-,-,,
6675634,2014,20150610,101,20141014,1240,56,330,2,5,5,101,0,0,0,,0,3,HIGH ST,FERNSIDE BL,125,N,N,A,-,N,,,,,,,,,,N,0,0,0,2,A,-,8,22107,,N,B,C,A,A,H,-,A,A,0,,,,Y,Y,,A,7,0,0,0,0,0,0,0,0,0,-,-,,
6675635,2014,20150610,101,20141019,1,23,213,7,5,5,101,0,0,0,,0,2,EAGLE AV,WOOD ST,66,E,N,A,-,N,,,,,,,,,,N,0,0,0,2,A,-,8,22107,,M,B,E,A,A,H,-,C,D,0,,,,,Y,Y,A,7,0,0,0,0,0,0,0,0,0,-,-,,
6680607,2014,20141113,101,20140923,1830,61,326,2,5,5,101,0,0,0,,0,3,PARK ST,CENTRAL AV,15,S,N,A,-,N,,,,,,,,,,N,4,0,1,2,A,-,3,22350,,F,C,C,A,A,H,-,A,A,0,,,,,Y,,A,1,0,0,1,0,0,0,0,0,0,-,-,,
6680608,2014,20160119,101,20140912,2208,50,123,5,5,5,101,0,0,0,,0,1,RT 260,BUENA VISTA AV,0,,Y,A,-,N,,,,,,,,,,Y,2,0,1,2,A,-,9,21801,A,N,A,C,A,A,H,-,C,A,0,,,Y,,Y,,A,8,1,0,0,0,0,0,0,0,1,-,-,,
6680734,2014,20160519,101,20140926,840,75,105,5,5,5,101,0,0,0,,0,1,RT 61,WILLIE STARGELL AV,528,N,N,A,-,Y,ALA,4,260,-,R,0.95,H,-,N,N,0,0,0,2,A,-,3,22350,,N,C,C,A,A,H,-,A,D,0,,,,,Y,,A,1,0,0,0,0,0,0,0,0,0,-,-,,
6680735,2014,20150519,101,20140926,811,11,130,5,5,5,101,0,0,0,,0,1,CENTRAL AV,W 3RD ST,119,W,N,A,-,N,,,,,,,,,,N,0,0,0,2,A,-,21,22106,,N,B,C,A,A,H,-,A,D,0,,,,,Y,,A,1,0,0,0,0,0,0,0,0,0,-,-,,
6680736,2014,20150522,101,20140924,1137,11,330,3,5,5,101,0,0,0,,0,3,FERNSIDE BL,W VERSAILLES AV,42,W,N,A,-,N,,,,,,,,,,N,0,0,0,1,A,-,8,22107,,N,E,I,A,A,H,-,A,D,0,,,,,Y,,A,1,0,0,0,0,0,0,0,0,0,-,-,,
6680821,2014,20141212,101,20141015,1351,56,326,3,5,5,101,0,0,0,,0,3,ENCINAL AV,PARK ST,0,,Y,A,-,Y,,,,,,,,,,N,3,0,1,2,A,-,12,21453,A,N,D,G,A,A,H,-,A,A,0,,Y,,,Y,,L,4,0,1,0,0,0,0,1,0,0,-,-,,
6680822,2014,20141216,101,20141014,1121,46,243,2,5,5,101,0,0,0,,0,2,SCHILLER ST,SANTA CLARA AV,139,N,N,A,-,N,,,,,,,,,,N,3,0,1,2,C,-,18,,,N,H,J,A,A,B,-,A,D,0,,Y,,,Y,,-,- ,0,1,0,0,0,0,1,0,0,-,-,,
6680823,2014,20141215,101,20141012,1310,83,138,7,5,5,101,0,0,0,,0,1,WESTLINE DR,OTIS DR,0,,Y,A,-,N,,,,,,,,,,Y,4,0,1,2,A,-,9,21453,C,N,A,C,A,A,H,-,A,A,0,,,,,Y,,A,1,0,0,1,0,0,0,0,0,0,-,-,,
6680824,2014,20141215,101,20141006,724,21,219,1,5,5,101,0,0,0,,0,2,LINCOLN AV,BAY ST,11,W,N,A,-,N,,,,,,,,,,Y,4,0,1,2,A,-,9,21802,A,N,D,C,A,A,H,-,A,A,0,,,,,Y,,A,1,0,0,1,0,0,0,0,0,0,-,-,,
6681106,2014,20150616,101,20141020,1627,36,325,1,5,5,101,0,0,0,,0,3,PARK ST,SAN JOSE AV,1139,S,N,A,-,N,,,,,,,,,,N,0,0,0,2,A,-,3,22350,,M,B,C,A,A,H,-,A,D,0,,,,,Y,,A,1,0,0,0,0,0,0,0,0,0,-,-,,
6681107,2014,20150610,101,20141018,2258,18,333,6,5,5,101,0,0,0,,0,3,VERSAILLES AV,ENCINAL AV,89,N,N,A,-,N,,,,,,,,,,N,0,0,0,2,A,-,8,22107,,M,B,E,A,A,H,-,C,D,0,,,,,Y,,-,99,0,0,0,0,0,0,0,0,0,-,-,,
6681108,2014,20150610,101,20141017,2155,18,310,5,5,5,101,0,0,0,,0,3,SAN JOSE AV,OAK ST,215,,N,A,-,N,,,,,,,,,,N,0,0,0,2,A,-,9,21804,A,N,D,C,A,A,H,-,C,D,0,,,,,Y,,A,7,0,0,0,0,0,0,0,0,0,-,-,,
6681109,2014,20150610,101,20141016,808,56,243,4,5,5,101,0,0,0,,0,2,SANTA CLARA AV,CHESTNUT ST,0,,N,A,-,N,,,,,,,,,,Y,0,0,0,1,A,-,8,22107,,N,E,I,A,A,H,-,A,D,0,,,,,Y,,A,8,0,0,0,0,0,0,0,0,0,-,-,,
6681110,2014,20160411,101,20141014,1859,68,141,2,5,5,101,0,0,0,,0,1,RT 260,HAIGHT AV,22,S,N,A,-,N,,,,,,,,,,N,0,0,0,2,A,-,8,22107,,M,B,E,A,A,H,-,C,D,0,,,,,Y,Y,-,99,0,0,0,0,0,0,0,0,0,-,-,,
6681111,2014,20150610,101,20141012,1630,36,310,7,5,5,101,0,0,0,,0,3,LAUREL ST,CLINTON AV,92,S,N,A,-,N,,,,,,,,,,N,0,0,0,2,A,-,21,22106,,M,D,E,A,A,H,-,A,D,0,,,,,Y,,A,1,0,0,0,0,0,0,0,0,0,-,-,,
6681112,2014,20150610,101,20141014,1512,46,332,2,5,5,101,0,0,0,,0,3,VERSAILLES AV,BUENA VISTA AV,34,S,N,A,-,N,,,,,,,,,,N,0,0,0,3,C,-,18,,,N,H,J,A,A,H,-,A,D,0,,,,,Y,,-,- ,0,0,0,0,0,0,0,0,0,-,-,,
6681113,2014,20150610,101,20141013,854,86,144,1,5,5,101,0,0,0,,0,1,CONSTITUTION WY,BUENA VISTA AV,0,,Y,A,-,N,,,,,,,,,,N,0,0,0,2,A,-,12,21453,A,N,D,D,A,A,H,-,A,A,0,,,,,Y,,A,7,0,0,0,0,0,0,0,0,0,-,-,,
6681114,2014,20150610,101,20141013,749,86,333,1,5,5,101,0,0,0,,0,3,ENCINAL AV,HIGH ST,0,,Y,A,-,N,,,,,,,,,,N,0,0,0,2,A,-,9,21801,A,N,D,C,A,A,H,-,B,A,0,,,,,Y,,A,1,0,0,0,0,0,0,0,0,0,-,-,,
6681115,2014,20150610,101,20141012,2500,61,231,7,5,5,101,0,0,0,,0,2,SHORELINE DR,GRAND ST,116,E,N,A,-,N,,,,,,,,,,N,0,0,0,2,A,-,8,22107,,M,B,E,A,A,H,-,C,D,0,,,,,Y,,-,99,0,0,0,0,0,0,0,0,0,-,-,,