CASE_ID,ACCIDENT_YEAR,PROC_DATE,JURIS,COLLISION_DATE,COLLISION_TIME,OFFICER_ID,REPORTING_DISTRICT,DAY_OF_WEEK,CHP_SHIFT,POPULATION,CNTY_CITY_LOC,SPECIAL_COND,BEAT_TYPE,CHP_BEAT_TYPE,CITY_DIVISION_LAPD,CHP_BEAT_CLASS,BEAT_NUMBER,PRIMARY_RD,SECONDARY_RD,DISTANCE,DIRECTION,INTERSECTION,WEATHER_1,WEATHER_2,STATE_HWY_IND,CALTRANS_COUNTY,CALTRANS_DISTRICT,STATE_ROUTE,ROUTE_SUFFIX,POSTMILE_PREFIX,POSTMILE,LOCATION_TYPE,RAMP_INTERSECTION,SIDE_OF_HWY,TOW_AWAY,COLLISION_SEVERITY,NUMBER_KILLED,NUMBER_INJURED,PARTY_COUNT,PRIMARY_COLL_FACTOR,PCF_CODE_OF_VIOL,PCF_VIOL_CATEGORY,PCF_VIOLATION,PCF_VIOL_SUBSECTION,HIT_AND_RUN,TYPE_OF_COLLISION,MVIW,PED_ACTION,ROAD_SURFACE,ROAD_COND_1,ROAD_COND_2,LIGHTING,CONTROL_DEVICE,CHP_ROAD_TYPE,PEDESTRIAN_ACCIDENT,BICYCLE_ACCIDENT,MOTORCYCLE_ACCIDENT,TRUCK_ACCIDENT,NOT_PRIVATE_PROPERTY,ALCOHOL_INVOLVED,STWD_VEHTYPE_AT_FAULT,CHP_VEHTYPE_AT_FAULT,COUNT_SEVERE_INJ,COUNT_VISIBLE_INJ,COUNT_COMPLAINT_PAIN,COUNT_PED_KILLED,COUNT_PED_INJURED,COUNT_BICYCLIST_KILLED,COUNT_BICYCLIST_INJURED,COUNT_MC_KILLED,COUNT_MC_INJURED,PRIMARY_RAMP,SECONDARY_RAMP,LATITUDE,LONGITUDE
8011724,2016,20160414,101,20160311,1227,89,323,5,5,5,101,0,0,0,,0,3,PARK ST,BLANDING AV,24,S,N,B,-,N,,,,,,,,,,N,0,0,0,2,A,-,8,22107,,M,B,C,A,A,H,-,A,A,0,,,,,Y,,-,99,0,0,0,0,0,0,0,0,0,-,-,,
8011728,2016,20160414,101,20160310,2119,18,310,4,5,5,101,0,0,0,,0,3,ENCINAL AV,OAK ST,331,W,N,C,-,N,,,,,,,,,,N,0,0,0,4,A,-,8,22107,,N,B,E,A,B,H,-,C,D,0,,,,,Y,,A,1,0,0,0,0,0,0,0,0,0,-,-,,
8011732,2016,20160412,101,20160320,2229,35,143,7,5,5,101,0,0,0,,0,1,PACIFIC AV,CONSTITUTION WY,0,,Y,B,-,N,,,,,,,,,,N,0,0,0,2,A,-,9,21802,A,N,D,C,A,B,H,-,C,A,0,,,,,Y,,A,1,0,0,0,0,0,0,0,0,0,-,-,,
8011736,2016,20160412,101,20160304,216,17,245,5,5,5,101,0,0,0,,0,2,UNION ST,LINCOLN AV,32,N,N,A,-,N,,,,,,,,,,N,0,0,0,2,A,-,5,21650,,M,B,E,A,A,H,-,D,D,0,,,,,Y,,-,99,0,0,0,0,0,0,0,0,0,-,-,,
8011741,2016,20170211,101,20160318,204,11,306,5,5,5,101,0,0,0,,0,3,RT 61,WALNUT ST,478,W,N,A,-,Y,ALA,4,61,-,-,20.42,H,-,N,Y,0,0,0,3,A,-,8,22107,,M,C,C,A,A,H,-,C,A,0,,,,,Y,Y,A,1,0,0,0,0,0,0,0,0,0,-,-,,
8011745,2016,20170211,101,20160320,2016,35,143,7,5,5,101,0,0,0,,0,1,RT 260,EAGLE AV,33,N,N,C,-,Y,ALA,4,61,-,-,22.44,H,-,S,N,0,0,0,2,A,-,7,21658,A,N,B,C,A,B,H,-,C,D,0,,,,,Y,Y,A,1,0,0,0,0,0,0,0,0,0,-,-,,
8011753,2016,20170211,101,20160313,31,22,147,7,5,5,101,0,0,0,,0,1,RT 260,WILLIE STARGELL AV,1056,N,N,C,-,Y,ALA,4,260,-,R,0.12,H,-,N,Y,0,0,0,1,A,-,3,22350,,N,E,I,A,B,H,-,C,D,0,,,,,Y,,A,1,0,0,0,0,0,0,0,0,0,-,-,,
8011761,2016,20160414,101,20160329,1546,95,240,2,5,5,101,0,0,0,,0,2,OTIS DR,WILLOW ST,180,W,N,A,-,N,,,,,,,,,,Y,4,0,1,3,A,-,3,22350,,N,C,C,A,A,H,-,A,A,0,,,,,Y,,A,1,0,0,1,0,0,0,0,0,0,-,-,,
8011765,2016,20160413,101,20160331,813,94,326,4,5,5,101,0,0,0,,0,3,PARK ST,ALAMEDA AV,0,,Y,B,-,N,,,,,,,,,,N,0,0,0,2,A,-,8,22107,,N,B,E,A,A,H,-,A,D,0,,,,Y,Y,,F,26,0,0,0,0,0,0,0,0,0,-,-,,
8011830,2016,20170211,101,20160322,933,56,124,2,5,5,101,0,0,0,,0,1,RT 260,LINCOLN AV,102,N,N,A,-,Y,ALA,4,61,-,-,22.24,H,-,N,N,4,0,1,2,A,-,3,22350,,N,C,C,A,A,H,-,A,D,0,,,,,Y,,D,22,0,0,1,0,0,0,0,0,0,-,-,,
8011886,2016,20160414,101,20160329,2500,33,310,2,5,5,101,0,0,0,,0,3,CLINTON AV,CEDAR ST,70,E,N,A,-,N,,,,,,,,,,N,0,0,0,2,A,-,21,22106,,M,D,E,A,A,H,-,A,D,0,,,,,Y,,-,99,0,0,0,0,0,0,0,0,0,-,-,,
8011905,2016,20160412,101,20160321,1655,35,318,1,5,5,101,0,0,0,,0,3,OTIS DR,REGENT ST,124,W,N,C,-,N,,,,,,,,,,N,4,0,1,3,A,-,3,22350,,N,C,C,A,B,H,-,A,D,0,,,,,Y,,A,1,0,0,1,0,0,0,0,0,0,-,-,,
8012668,2016,20160824,101,20160316,650,30,108,3,5,5,101,0,0,0,,0,1,SINGLETON AV,MOSLEY AV,0,,Y,A,-,N,,,,,,,,,,N,3,0,1,2,A,-,10,21950,A,N,G,B,B,A,H,-,C,A,0,Y,,,,Y,,A,1,0,1,0,0,1,0,0,0,0,-,-,,
8013121,2016,20160413,101,20160401,2500,21,331,5,5,5,101,0,0,0,,0,3,VERSAILLES AV,FERNSIDE BL,194,S,N,A,-,N,,,,,,,,,,N,0,0,0,2,A,-,8,22107,,M,B,E,A,A,H,-,C,D,0,,,,,Y,,-,99,0,0,0,0,0,0,0,0,0,-,-,,
8013125,2016,20160414,101,20160401,1701,11,326,5,5,5,101,0,0,0,,0,3,PARK ST,CENTRAL AV,132,N,N,A,-,N,,,,,,,,,,N,0,0,0,2,A,-,8,22107,,M,B,E,A,A,H,-,A,D,0,,,,,Y,,-,,0,0,0,0,0,0,0,0,0,-,-,,
8013129,2016,20160414,101,20160401,1751,37,124,5,5,5,101,0,0,0,,0,1,5TH ST,BUENA VISTA AV,96,S,N,A,-,N,,,,,,,,,,N,0,0,0,2,A,-,9,21804,A,M,D,C,A,A,H,-,A,D,0,,,,,Y,,A,1,0,0,0,0,0,0,0,0,0,-,-,,
8013133,2016,20160413,101,20160402,1730,11,318,6,5,5,101,0,0,0,,0,3,SAN JOSE AV,PARK AV,98,W,N,A,-,N,,,,,,,,,,N,0,0,0,2,A,-,8,22103,,N,D,C,A,A,H,-,A,D,0,,,,,Y,,A,1,0,0,0,0,0,0,0,0,0,-,-,,
8013142,2016,20160412,101,20160403,1724,46,110,7,5,5,101,0,0,0,,0,1,RALPH APPEZZATO MEMORIAL PKWY,POGGI ST,0,,Y,A,-,N,,,,,,,,,,N,3,0,1,3,A,-,3,22350,,N,C,C,A,A,H,-,A,A,0,,,,,Y,,A,1,0,1,0,0,0,0,0,0,0,-,-,,
8013479,2016,20160414,101,20160309,858,95,128,3,5,5,101,0,0,0,,0,1,MARSHALL WY,MARSHALL WY 400,0,,Y,B,-,N,,,,,,,,,,N,0,0,0,1,A,-,3,22350,,N,E,I,A,B,H,-,A,D,0,,,,,Y,,A,1,0,0,0,0,0,0,0,0,0,-,-,,
8014012,2016,20170217,101,20160314,932,34,318,1,5,5,101,0,0,0,,0,3,ENCINAL AV,REGENT ST,0,,Y,B,-,Y,ALA,4,61,-,-,19.93,I,5,S,N,0,0,0,2,A,-,9,21802,A,N,D,C,A,B,H,-,A,D,0,,,,,Y,,A,1,0,0,0,0,0,0,0,0,0,-,-,,
8014258,2016,20160421,101,20160325,1132,56,326,5,5,5,101,0,0,0,,0,3,OAK ST,SANTA CLARA AV,201,S,N,A,-,N,,,,,,,,,,N,0,0,0,2,A,-,21,22106,,N,-,C,A,A,H,-,A,D,0,,,,,Y,,J,48,0,0,0,0,0,0,0,0,0,-,-,,
8016564,2016,20160414,101,20160324,1231,56,334,4,5,5,101,0,0,0,,0,3,ENCINAL AV,MOUND ST,0,,Y,A,-,N,,,,,,,,,,N,0,0,0,2,A,-,9,21802,A,N,D,C,A,A,H,-,A,A,0,,,,,Y,,A,1,0,0,0,0,0,0,0,0,0,-,-,,
8016568,2016,20160414,101,20160324,741,56,122,4,5,5,101,0,0,0,,0,1,BUENA VISTA AV,WILLET CT,0,,Y,A,-,N,,,,,,,,,,N,0,0,0,2,A,-,2,22400,,N,C,C,A,A,H,-,A,D,0,,,,,Y,,A,1,0,0,0,0,0,0,0,0,0,-,-,,
8016572,2016,20160414,101,20160326,23,26,231,6,5,5,101,0,0,0,,0,2,SHORELINE DR,GRAND ST,22,E,N,A,-,N,,,,,,,,,,Y,0,0,0,1,A,-,8,22107,,N,E,I,A,A,H,-,C,D,0,,,,,Y,,A,1,0,0,0,0,0,0,0,0,0,-,-,,
8016576,2016,20160414,101,20160324,2127,70,222,4,5,5,101,0,0,0,,0,2,LINCOLN AV,POWERS CT,48,W,N,A,-,N,,,,,,,,,,N,0,0,0,3,A,-,8,22107,,N,B,E,A,A,H,-,C,A,0,,,,,Y,,A,1,0,0,0,0,0,0,0,0,0,-,-,,
8016580,2016,20160414,101,20160325,2500,45,243,5,5,5,101,0,0,0,,0,2,LAFAYETTE ST,LINCOLN AV,110,S,N,A,-,N,,,,,,,,,,N,0,0,0,2,A,-,8,22107,,M,B,E,A,A,H,-,A,D,0,,,,,Y,Y,-,,0,0,0,0,0,0,0,0,0,-,-,,
8016584,2016,20160414,101,20160328,1229,30,142,1,5,5,101,0,0,0,,0,1,SANTA CLARA AV,8TH ST,0,,Y,A,-,N,,,,,,,,,,N,0,0,0,2,A,-,12,21453,A,N,D,C,A,A,H,-,A,A,0,,,,,Y,,A,1,0,0,0,0,0,0,0,0,0,-,-,,
8016600,2016,20160414,101,20160322,1415,26,242,2,5,5,101,0,0,0,,0,2,CLINTON AV,GRAND ST,215,E,N,B,-,N,,,,,,,,,,N,0,0,0,2,A,-,17,22517,,M,B,C,A,A,H,-,A,D,0,,,,,Y,,A,8,0,0,0,0,0,0,0,0,0,-,-,,
8016630,2016,20170211,101,20160324,1425,21,326,4,5,5,101,0,0,0,,0,3,PARK ST,RT 61,9,S,N,A,-,Y,ALA,4,61,-,-,20,I,6,S,N,0,0,0,2,A,-,8,22107,,M,B,C,A,A,H,-,A,A,0,,,Y,,Y,,C,2,0,0,0,0,0,0,0,0,0,-,-,,
8016750,2016,20160412,101,20160315,747,15,110,2,5,5,101,0,0,0,,0,1,RALPH APPEZZATO MEMORIAL PKWY,5TH ST,0,,Y,A,-,N,,,,,,,,,,Y,4,0,2,2,A,-,3,22350,,N,C,C,A,A,H,-,A,A,0,,,,,Y,,A,1,0,0,2,0,0,0,0,0,0,-,-,,
8019592,2016,20160427,101,20160413,1557,66,218,3,5,5,101,0,0,0,,0,2,SHERMAN ST,SANTA CLARA AV,39,N,N,A,-,N,,,,,,,,,,N,0,0,0,2,A,-,8,22107,,N,B,E,A,A,H,-,A,A,0,,,,,Y,,D,22,0,0,0,0,0,0,0,0,0,-,-,,
8019777,2016,20160425,101,20160416,1709,46,143,6,5,5,101,0,0,0,,0,1,PACIFIC AV,CONSTITUTION WY,0,,Y,A,-,N,,,,,,,,,,N,3,0,1,2,A,-,9,21802,A,N,D,G,A,A,H,-,A,A,0,,Y,,,Y,,L,4,0,1,0,0,0,0,1,0,0,-,-,,
8019781,2016,20160425,101,20160417,1849,11,219,7,5,5,101,0,0,0,,0,2,BUENA VISTA AV,SHERMAN ST,0,,Y,A,-,N,,,,,,,,,,Y,4,0,1,1,A,-,8,22107,,N,A,I,A,A,H,-,B,A,0,,,,,Y,,A,1,0,0,1,0,0,0,0,0,0,-,-,,
8019785,2016,20160425,101,20160404,1436,30,112,1,5,5,101,0,0,0,,0,1,RALPH APPEZZATO MEMORIAL PKWY,5TH ST,66,E,N,A,-,N,,,,,,,,,,N,4,0,1,2,A,-,3,22350,,M,C,C,A,A,H,-,A,A,0,,,,,Y,Y,A,1,0,0,1,0,0,0,0,0,0,-,-,,
8023420,2016,20160425,101,20160301,1838,66,243,2,5,5,101,0,0,0,,0,2,GRAND ST,CENTRAL AV,57,S,N,A,-,N,,,,,,,,,,N,0,0,0,2,A,-,3,22350,,N,C,C,A,A,H,-,A,A,0,,,,,Y,,A,7,0,0,0,0,0,0,0,0,0,-,-,,
8026527,2016,20170217,101,20160406,843,56,318,3,5,5,101,0,0,0,,0,3,RT 61,SAN JOSE AV,0,,Y,A,-,Y,ALA,4,61,-,-,19.71,I,5,N,N,3,0,1,2,A,-,9,21802,A,N,H,G,A,A,H,-,A,A,0,,Y,,,Y,,L,4,0,1,0,0,0,0,1,0,0,-,-,,
8026538,2016,20160427,101,20160409,2035,11,235,6,5,5,101,0,0,0,,0,2,SHORELINE DR,GRAND ST,379,E,N,C,-,N,,,,,,,,,,Y,4,0,1,2,A,-,1,23152,A,N,C,C,A,B,H,-,C,D,0,,,,,Y,Y,A,1,0,0,1,0,0,0,0,0,0,-,-,,
8026623,2016,20160426,101,20160412,34,17,426,2,5,5,101,0,0,0,,0,4,VETERANS CT,ISLAND DR,631,W,N,A,-,N,,,,,,,,,,N,3,0,1,2,A,-,11,21954,A,F,G,B,E,A,H,-,C,D,0,Y,,,,Y,,N,60,0,1,0,0,1,0,0,0,0,-,-,,
8026857,2016,20160425,101,20160413,2335,45,509,3,5,5,101,0,0,0,,0,5,W MIDWAY AV,LEXINGTON ST,525,W,N,A,-,N,,,,,,,,,,Y,0,0,0,1,A,-,8,22107,,M,A,J,A,A,H,-,D,D,0,,,,,Y,,A,1,0,0,0,0,0,0,0,0,0,-,-,,
8026861,2016,20160425,101,20160413,2218,93,142,3,5,5,101,0,0,0,,0,1,TAYLOR AV,PAGE ST,30,W,N,B,-,N,,,,,,,,,,N,0,0,0,2,A,-,8,22107,,M,C,E,A,-,H,-,C,D,0,,,,,Y,,A,1,0,0,0,0,0,0,0,0,0,-,-,,
8026865,2016,20160425,101,20160415,810,75,222,5,5,5,101,0,0,0,,0,2,GRAND AV,SANTA CLARA AV,58,S,N,A,-,N,,,,,,,,,,N,0,0,0,4,A,-,3,22350,,N,C,C,A,A,H,-,A,B,0,,,,,Y,,A,1,0,0,0,0,0,0,0,0,0,-,-,,
8026869,2016,20160425,101,20160416,1213,10,325,6,5,5,101,0,0,0,,0,3,PARK ST,ENCINAL AV,126,S,N,A,-,N,,,,,,,,,,N,0,0,0,2,A,-,8,22107,,M,B,E,A,A,H,-,A,A,0,,,,,Y,Y,-,99,0,0,0,0,0,0,0,0,0,-,-,,
8026873,2016,20160425,101,20160417,1150,95,123,7,5,5,101,0,0,0,,0,1,BUENA VISTA AV,WEBSTER ST,240,W,N,A,-,N,,,,,,,,,,N,0,0,0,2,A,-,3,22350,,N,A,E,A,A,H,-,A,D,0,,,,,Y,,A,1,0,0,0,0,0,0,0,0,0,-,-,,
8026877,2016,20160425,101,20160404,1317,89,326,1,5,5,101,0,0,0,,0,3,PARK AV,ENCINAL AV,345,N,N,A,-,N,,,,,,,,,,N,0,0,0,2,A,-,5,21202,A,N,D,G,A,A,H,-,A,D,0,,Y,,,Y,,L,4,0,0,0,0,0,0,0,0,0,-,-,,
8027396,2016,20160502,101,20160423,1851,46,221,6,5,5,101,0,0,0,,0,2,BUENA VISTA AV,GRAND ST,0,,Y,A,-,N,,,,,,,,,,Y,3,0,2,2,A,-,9,21801,A,N,A,C,A,A,H,-,A,A,0,,,,,Y,,A,1,0,1,1,0,0,0,0,0,0,-,-,,
8027400,2016,20160510,101,20160424,1245,40,326,7,5,5,101,0,0,0,,0,3,PARK ST,SANTA CLARA AV,241.2,S,N,A,-,N,,,,,,,,,,N,4,0,1,3,A,-,10,21950,A,N,G,B,C,A,H,-,A,A,0,Y,,,,Y,,A,7,0,0,1,0,1,0,0,0,0,-,-,,
8027404,2016,20160502,101,20160424,1348,66,410,7,5,5,101,0,0,0,,0,4,MECARTNEY RD,FONTANA DR,40,E,N,A,-,N,,,,,,,,,,N,4,0,1,2,A,-,17,21209,A,F,G,B,E,A,H,-,A,D,0,Y,,,,Y,,M,96,0,0,1,0,1,0,0,0,0,-,-,,
8027408,2016,20160502,101,20160404,1530,15,124,1,5,5,101,0,0,0,,0,1,PACIFIC AV,4TH ST,345,E,N,A,-,N,,,,,,,,,,N,4,0,1,2,A,-,11,21954,A,N,G,B,D,A,H,-,A,D,0,Y,,,,Y,,N,60,0,0,1,0,1,0,0,0,0,-,-,,
8027412,2016,20160502,101,20160418,744,66,113,1,5,5,101,0,0,0,,0,5,MAIN ST,MIDWAY AV,42,S,N,A,-,N,,,,,,,,,,N,3,0,1,2,A,-,9,21804,A,N,D,G,A,A,H,-,A,A,0,,Y,,,Y,,L,4,0,1,0,0,0,0,1,0,0,-,-,,
8027416,2016,20160502,101,20160420,10,72,250,3,5,5,101,0,0,0,,0,2,ATLANTIC CT,CHALLENGER DR,458,W,N,A,-,N,,,,,,,,,,Y,4,0,1,2,A,-,9,21804,A,M,D,C,A,A,H,-,C,D,0,,,,,Y,,A,1,0,0,1,0,0,0,0,0,0,-,-,,
8027420,2016,20160502,101,20160420,1635,95,,3,5,5,101,0,0,0,,0,4,HARBOR BAY PKWY,MAITLAND DR,1776,N,N,A,-,N,,,,,,,,,,Y,3,0,1,1,A,-,3,22350,,N,H,A,A,A,H,-,A,D,0,,,Y,,Y,,C,3,0,1,0,0,0,0,0,0,1,-,-,,
8027516,2016,20160502,101,20160420,1916,10,311,3,5,5,101,0,0,0,,0,3,PARK ST,OTIS DR,309,S,N,A,-,N,,,,,,,,,,Y,0,0,0,2,A,-,9,21801,B,N,D,C,A,A,H,-,A,A,0,,,,,Y,,A,1,0,0,0,0,0,0,0,0,0,-,-,,
8027520,2016,20160502,101,20160421,1530,95,137,4,5,5,101,0,0,0,,0,1,CENTRAL AV,WEBSTER ST,63,W,N,B,-,N,,,,,,,,,,N,0,0,0,1,A,-,21,22106,,N,E,I,A,A,H,-,A,D,0,,,,,Y,,A,8,0,0,0,0,0,0,0,0,0,-,-,,
8027533,2016,20170211,101,20160410,550,22,105,7,5,5,101,0,0,0,,0,1,RT 260,N EXIT OF POSEY TUBE,3168,S,N,C,-,Y,ALA,4,260,-,R,1.27,H,-,N,Y,0,0,0,1,A,-,3,22350,,N,E,I,A,B,H,-,C,D,0,,,,,Y,,A,1,0,0,0,0,0,0,0,0,0,-,-,,
8027602,2016,20160426,101,20160407,1321,56,222,4,5,5,101,0,0,0,,0,2,SANTA CLARA AV,MORTON ST,0,,Y,A,-,N,,,,,,,,,,N,0,0,0,2,A,-,3,22350,,N,B,C,A,A,H,-,A,D,0,,,,,Y,,A,1,0,0,0,0,0,0,0,0,0,-,-,,
8027606,2016,20160426,101,20160408,1240,95,305,5,5,5,101,0,0,0,,0,3,LINCOLN AV,OAK ST,0,,Y,B,-,N,,,,,,,,,,N,0,0,0,2,A,-,12,21453,A,N,D,C,A,A,H,-,A,A,0,,,,,Y,,A,8,0,0,0,0,0,0,0,0,0,-,-,,
8027610,2016,20160426,101,20160405,1552,95,128,2,5,5,101,0,0,0,,0,1,SANTA CLARA AV,3RD ST,303,E,N,A,-,N,,,,,,,,,,Y,0,0,0,2,A,-,9,21801,A,N,B,C,A,A,H,-,A,D,0,,,,,Y,,A,1,0,0,0,0,0,0,0,0,0,-,-,,
8027614,2016,20160426,101,20160405,1110,56,331,2,5,5,101,0,0,0,,0,3,CAMBRIDGE DR,NORTHWOOD DR,131,N,N,A,-,N,,,,,,,,,,Y,0,0,0,1,A,-,21,22106,,N,H,I,A,A,H,-,A,D,0,,,,,Y,,A,1,0,0,0,0,0,0,0,0,0,-,-,,
8027673,2016,20160426,101,20160411,1803,28,145,1,5,5,101,0,0,0,,0,1,CONSTITUTION WY,EAGLE AV,12,N,N,A,-,N,,,,,,,,,,N,0,0,0,2,A,-,3,22350,,M,D,C,A,A,H,-,A,A,0,,,,,Y,,A,1,0,0,0,0,0,0,0,0,0,-,-,,
8027677,2016,20160426,101,20160409,1536,40,326,6,5,5,101,0,0,0,,0,3,PARK ST,WEBB AV,30,S,N,C,-,N,,,,,,,,,,N,0,0,0,2,A,-,21,22106,,M,C,E,A,B,H,-,A,D,0,,,,,Y,,A,1,0,0,0,0,0,0,0,0,0,-,-,,
8027930,2016,20160426,101,20160408,1507,56,306,5,5,5,101,0,0,0,,0,3,WALNUT ST,ALAMEDA AV,47,N,N,A,-,N,,,,,,,,,,N,0,0,0,2,A,-,8,22107,,N,A,E,A,A,H,-,A,D,0,,,,,Y,,A,7,0,0,0,0,0,0,0,0,0,-,-,,
8029229,2016,20170211,101,20160415,844,40,321,5,5,5,101,0,0,0,,0,3,RT 61,BROADWAY,5,W,N,A,-,Y,ALA,4,61,-,-,19.84,I,6,S,N,0,0,0,2,A,-,3,22350,,N,G,B,B,A,H,-,A,A,0,Y,,,,Y,Y,A,1,0,0,0,0,0,0,0,0,0,-,-,,
8029298,2016,20160504,101,20160421,1255,56,245,4,5,5,101,0,0,0,,0,2,SCHILLER ST,LINCOLN AV,34,N,N,A,-,N,,,,,,,,,,N,0,0,0,2,A,-,16,24002,A,N,B,E,A,A,H,-,A,D,0,,,,,Y,,D,22,0,0,0,0,0,0,0,0,0,-,-,,
8029302,2016,20170211,101,20160425,832,89,318,1,5,5,101,0,0,0,,0,3,RT 61,BROADWAY,12,S,N,A,-,Y,ALA,4,61,-,-,19.43,H,-,S,N,0,0,0,1,A,-,8,22107,,N,E,I,A,A,H,-,A,A,0,,,,Y,Y,,G,21,0,0,0,0,0,0,0,0,0,-,-,,
8029322,2016,20160504,101,20160422,1048,56,305,5,5,5,101,0,0,0,,0,3,OAK ST,LINCOLN AV,75,N,N,C,-,N,,,,,,,,,,N,0,0,0,2,A,-,21,22106,,N,H,E,A,B,H,-,A,D,0,,,Y,,Y,,A,1,0,0,0,0,0,0,0,0,0,-,-,,
8029326,2016,20160504,101,20160422,2135,87,326,5,5,5,101,0,0,0,,0,3,PARK ST,SANTA CLARA AV,73,S,N,A,-,N,,,,,,,,,,N,0,0,0,2,A,-,3,22350,,N,C,C,A,A,H,-,C,D,0,,,,,Y,,A,8,0,0,0,0,0,0,0,0,0,-,-,,
8029330,2016,20160504,101,20160423,1524,87,334,6,5,5,101,0,0,0,,0,3,CALHOUN ST,PEARL ST,0,,Y,A,-,N,,,,,,,,,,N,0,0,0,2,A,-,9,21802,A,N,D,C,A,A,H,-,A,A,0,,,,,Y,,A,7,0,0,0,0,0,0,0,0,0,-,-,,
8029334,2016,20160504,101,20160409,2015,26,420,6,5,5,101,0,0,0,,0,4,GARDEN RD,ISLAND DR,124,E,N,C,-,N,,,,,,,,,,N,0,0,0,2,A,-,8,22107,,M,B,E,A,B,H,-,C,D,0,,,,,Y,,A,1,0,0,0,0,0,0,0,0,0,-,-,,
8029342,2016,20160504,101,20160416,1200,89,,6,5,5,101,0,0,0,,0,,8TH ST,PORTOLA AV,593,S,N,A,-,N,,,,,,,,,,N,0,0,0,2,A,-,6,21750,,N,C,C,A,A,H,-,A,D,0,,,,,Y,,A,1,0,0,0,0,0,0,0,0,0,-,-,,
8029346,2016,20160504,101,20160420,701,72,223,3,5,5,101,0,0,0,,0,2,GRAND ST,SAN ANTONIO AV,59,N,N,A,-,N,,,,,,,,,,N,0,0,0,1,C,-,18,,,N,E,I,A,A,H,-,A,D,0,,,,,Y,,-,- ,0,0,0,0,0,0,0,0,0,-,-,,
8029350,2016,20160504,101,20160419,2500,30,311,2,5,5,101,0,0,0,,0,3,OTIS DR,E WILLOW ST,300,E,N,F,-,N,,,,,,,,,,N,0,0,0,2,A,-,8,22107,,M,B,E,A,A,H,-,A,D,0,,,,,Y,,-,99,0,0,0,0,0,0,0,0,0,-,-,,
8029696,2016,20160516,101,20160408,351,50,120,5,5,5,101,0,0,0,,0,1,BUENA VISTA AV,POGGI ST,49,E,N,C,-,N,,,,,,,,,,N,0,0,0,3,A,-,8,22107,,M,B,E,A,B,H,-,C,D,0,,,,,Y,,-,99,0,0,0,0,0,0,0,0,0,-,-,,
8029700,2016,20160516,101,20160426,1633,36,333,2,5,5,101,0,0,0,,0,3,HIGH ST,ENCINAL AV,101,N,N,A,-,N,,,,,,,,,,Y,0,0,0,2,A,-,8,22107,,N,B,C,A,A,H,-,A,D,0,,,,,Y,,A,1,0,0,0,0,0,0,0,0,0,-,-,,
8029704,2016,20160516,101,20160429,2500,21,342,5,5,5,101,0,0,0,,0,3,HIGH ST,BRIGGS AV,40,S,N,A,-,N,,,,,,,,,,N,0,0,0,2,A,-,8,22107,,M,B,E,A,A,H,-,C,D,0,,,,,Y,,-,99,0,0,0,0,0,0,0,0,0,-,-,,
8029708,2016,20160516,101,20160429,1113,56,333,5,5,5,101,0,0,0,,0,3,SANTA CLARA AV,VERSAILLES AV,0,,Y,A,-,N,,,,,,,,,,N,0,0,0,2,A,-,9,21802,A,N,D,C,A,A,H,-,A,A,0,,,,,Y,,A,1,0,0,0,0,0,0,0,0,0,-,-,,
8029712,2016,20160516,101,20160429,1814,26,326,5,5,5,101,0,0,0,,0,3,ALAMEDA AV,OAK ST,163,E,N,A,-,N,,,,,,,,,,N,0,0,0,2,A,-,6,21750,,N,B,C,A,A,H,-,B,D,0,,,,,Y,,A,1,0,0,0,0,0,0,0,0,0,-,-,,
8029716,2016,20160516,101,20160429,2500,33,424,5,5,5,101,0,0,0,,0,4,MECARTNEY RD,AUGHINBAUGH WY,300,E,N,A,-,N,,,,,,,,,,N,0,0,0,2,A,-,8,22107,,M,B,E,A,A,H,-,A,D,0,,,,,Y,,-,99,0,0,0,0,0,0,0,0,0,-,-,,
8029720,2016,20160516,101,20160430,2500,21,ALAME,6,5,5,101,0,0,0,,0,3,VERSAILLES AV,ENCINAL AV,163,N,N,A,-,N,,,,,,,,,,N,0,0,0,2,A,-,8,22107,,M,B,E,A,A,H,-,C,D,0,,,,,Y,,-,99,0,0,0,0,0,0,0,0,0,-,-,,
8029724,2016,20160517,101,20160430,2310,87,326,6,5,5,101,0,0,0,,0,3,CENTRAL AV,PARK ST,0,,Y,A,-,N,,,,,,,,,,Y,0,0,0,2,A,-,1,23152,A,N,A,C,A,A,H,-,C,A,0,,,,,Y,Y,A,1,0,0,0,0,0,0,0,0,0,-,-,,
8029831,2016,20160516,101,20160503,1624,11,213,2,5,5,101,0,0,0,,0,2,NASON ST,BUENA VISTA AV,246,N,N,A,-,N,,,,,,,,,,N,0,0,0,2,A,-,8,22107,,M,B,C,A,A,H,-,A,D,0,,,,,Y,,A,1,0,0,0,0,0,0,0,0,0,-,-,,
8029835,2016,20160516,101,20160502,1501,59,245,1,5,5,101,0,0,0,,0,2,CHESTNUT ST,LINCOLN AV,50,N,N,A,-,N,,,,,,,,,,N,0,0,0,2,A,-,21,22106,,N,B,C,A,A,H,-,A,D,0,,,,,Y,,A,1,0,0,0,0,0,0,0,0,0,-,-,,
8029839,2016,20160516,101,20160501,1001,40,235,7,5,5,101,0,0,0,,0,2,SHORELINE DR,GRAND ST,230,E,N,A,-,N,,,,,,,,,,N,0,0,0,2,A,-,9,21804,A,N,D,C,A,A,H,-,A,D,0,,,,,Y,,A,1,0,0,0,0,0,0,0,0,0,-,-,,