CASE_ID,ACCIDENT_YEAR,PROC_DATE,JURIS,COLLISION_DATE,COLLISION_TIME,OFFICER_ID,REPORTING_DISTRICT,DAY_OF_WEEK,CHP_SHIFT,POPULATION,CNTY_CITY_LOC,SPECIAL_COND,BEAT_TYPE,CHP_BEAT_TYPE,CITY_DIVISION_LAPD,CHP_BEAT_CLASS,BEAT_NUMBER,PRIMARY_RD,SECONDARY_RD,DISTANCE,DIRECTION,INTERSECTION,WEATHER_1,WEATHER_2,STATE_HWY_IND,CALTRANS_COUNTY,CALTRANS_DISTRICT,STATE_ROUTE,ROUTE_SUFFIX,POSTMILE_PREFIX,POSTMILE,LOCATION_TYPE,RAMP_INTERSECTION,SIDE_OF_HWY,TOW_AWAY,COLLISION_SEVERITY,NUMBER_KILLED,NUMBER_INJURED,PARTY_COUNT,PRIMARY_COLL_FACTOR,PCF_CODE_OF_VIOL,PCF_VIOL_CATEGORY,PCF_VIOLATION,PCF_VIOL_SUBSECTION,HIT_AND_RUN,TYPE_OF_COLLISION,MVIW,PED_ACTION,ROAD_SURFACE,ROAD_COND_1,ROAD_COND_2,LIGHTING,CONTROL_DEVICE,CHP_ROAD_TYPE,PEDESTRIAN_ACCIDENT,BICYCLE_ACCIDENT,MOTORCYCLE_ACCIDENT,TRUCK_ACCIDENT,NOT_PRIVATE_PROPERTY,ALCOHOL_INVOLVED,STWD_VEHTYPE_AT_FAULT,CHP_VEHTYPE_AT_FAULT,COUNT_SEVERE_INJ,COUNT_VISIBLE_INJ,COUNT_COMPLAINT_PAIN,COUNT_PED_KILLED,COUNT_PED_INJURED,COUNT_BICYCLIST_KILLED,COUNT_BICYCLIST_INJURED,COUNT_MC_KILLED,COUNT_MC_INJURED,PRIMARY_RAMP,SECONDARY_RAMP,LATITUDE,LONGITUDE
8032882,2016,20160506,101,20160423,1652,73,138,6,5,5,101,0,0,0,,0,1,WESTLINE DR,SHORELINE DR,103,N,N,A,-,N,,,,,,,,,,N,3,0,1,1,A,-,3,22350,A,N,H,I,A,A,H,-,A,D,0,,,Y,,Y,,C,2,0,1,0,0,0,0,0,0,1,-,-,,
8034883,2016,20160506,101,20160424,1716,37,306,7,5,5,101,0,0,0,,0,3,LINCOLN AV,WALNUT ST,423,W,N,A,-,N,,,,,,,,,,N,0,0,0,2,A,-,8,22107,,M,B,C,A,A,H,-,A,D,0,,,,,Y,,A,7,0,0,0,0,0,0,0,0,0,-,-,,
8035398,2016,20160531,101,20160520,246,18,305,5,5,5,101,0,0,0,,0,3,LINCOLN AV,PARK ST,26,W,N,A,-,N,,,,,,,,,,Y,0,0,0,2,A,-,1,23152,A,N,C,C,A,A,H,-,C,A,0,,,,,Y,Y,A,1,0,0,0,0,0,0,0,0,0,-,-,,
8037959,2016,20160516,101,20160429,1520,95,129,5,5,5,101,0,0,0,,0,1,SANTA CLARA AV,3RD ST,0,,Y,A,-,N,,,,,,,,,,Y,0,0,0,2,A,-,9,21802,A,N,D,C,A,A,H,-,A,A,0,,,,,Y,,A,1,0,0,0,0,0,0,0,0,0,-,-,,
8038651,2016,20160513,101,20160430,435,18,243,6,5,5,101,0,0,0,,0,2,CHESTNUT ST,LINCOLN AV,155,S,N,A,-,N,,,,,,,,,,Y,3,0,1,3,A,-,8,22107,,M,F,E,A,A,H,-,D,D,0,,,,,Y,,A,7,0,1,0,0,0,0,0,0,0,-,-,,
8038655,2016,20160513,101,20160501,1909,37,310,7,5,5,101,0,0,0,,0,3,WALNUT ST,SAN ANTONIO AV,0,,Y,A,-,N,,,,,,,,,,Y,4,0,2,4,A,-,12,22450,A,N,D,C,A,A,H,-,A,A,0,,,,,Y,,A,7,0,0,2,0,0,0,0,0,0,-,-,,
8038659,2016,20160516,101,20160503,1132,56,105,2,5,5,101,0,0,0,,0,1,MITCHELL AV,MARINER SQUARE LOOP,0,,Y,A,-,N,,,,,,,,,,N,0,0,0,1,A,-,8,22107,,N,E,I,A,A,H,-,A,A,0,,,,Y,Y,,G,25,0,0,0,0,0,0,0,0,0,-,-,,
8038663,2016,20160516,101,20160505,922,56,142,4,5,5,101,0,0,0,,0,1,SANTA CLARA AV,8TH ST,0,,Y,A,-,N,,,,,,,,,,Y,0,0,0,2,A,-,8,22100,A,N,B,C,A,A,H,-,A,A,0,,,,,Y,,D,22,0,0,0,0,0,0,0,0,0,-,-,,
8038672,2016,20160513,101,20160428,1244,56,124,4,5,5,101,0,0,0,,0,1,LINCOLN AV,5TH ST,0,,Y,A,-,N,,,,,,,,,,Y,4,0,2,2,A,-,21,22106,,N,D,C,A,A,H,-,A,A,0,,,,,Y,,A,1,0,0,2,0,0,0,0,0,0,-,-,,
8038703,2016,20160516,101,20160501,1706,61,342,7,5,5,101,0,0,0,,0,3,FERNSIDE BL,BRIGGS AV,41,N,N,A,-,N,,,,,,,,,,Y,3,0,1,2,A,-,8,22107,,N,B,E,A,A,H,-,A,D,0,,,,,Y,,A,1,0,1,0,0,0,0,0,0,0,-,-,,
8038707,2016,20160516,101,20160502,1826,49,110,1,5,5,101,0,0,0,,0,1,WILLIE STARGELL AV,CORAL SEA ST,0,,Y,A,-,N,,,,,,,,,,N,3,0,1,2,A,-,10,21950,A,F,G,B,B,A,H,-,A,D,0,Y,,,,Y,,A,1,0,1,0,0,1,0,0,0,0,-,-,,
8038719,2016,20160516,101,20160504,821,56,341,3,5,5,101,0,0,0,,0,3,WASHINGTON ST,HIGH ST,0,,Y,A,-,N,,,,,,,,,,Y,4,0,1,2,A,-,9,21802,A,N,D,C,A,A,H,-,A,A,0,,,,,Y,,A,7,0,0,1,0,0,0,0,0,0,-,-,,
8038720,2016,20170217,101,20160429,140,72,111,5,5,5,101,0,0,0,,0,1,RT 61,WILLIE STARGELL AV,1529,N,N,A,-,Y,ALA,4,260,-,R,0.93,H,-,S,Y,4,0,1,1,A,-,1,23152,,N,B,J,A,A,H,-,C,A,0,,,,,Y,Y,A,1,0,0,1,0,0,0,0,0,0,-,-,,
8038873,2016,20161207,101,20160503,1816,26,142,2,5,5,101,0,0,0,,0,1,RT 260,LINCOLN AV,21,S,N,A,-,N,,,,,,,,,,N,0,0,0,2,A,-,3,22350,,N,C,C,A,A,H,-,A,A,0,,,,,Y,,A,1,0,0,0,0,0,0,0,0,0,-,-,,
8045297,2016,20160526,101,20160226,1555,8823,1,5,5,5,101,0,0,0,,0,19X,23RD AV,E 23RD ST,25,S,N,A,-,N,,,,,,,,,,N,4,0,1,2,A,-,11,21954,A,N,G,B,D,A,H,-,A,A,0,Y,,,,Y,,N,60,0,0,1,0,1,0,0,0,0,-,-,,
8045729,2016,20160526,101,20160503,2239,30,1 124,2,5,5,101,0,0,0,,0,1,5TH ST,LINCOLN AV,0,,Y,A,-,N,,,,,,,,,,Y,3,0,3,2,A,-,12,21453,A,F,D,C,A,A,H,-,C,A,0,,,,,Y,,A,1,0,1,2,0,0,0,0,0,0,-,-,,
8048007,2016,20160531,101,20160511,1,59,235,3,5,5,101,0,0,0,,0,2,SHORELINE DR,GRAND ST,211,E,N,A,-,N,,,,,,,,,,N,0,0,0,2,A,-,1,23152,A,N,C,C,A,A,H,-,C,D,0,,,,,Y,Y,A,1,0,0,0,0,0,0,0,0,0,-,-,,
8048011,2016,20160531,101,20160511,828,15,142,3,5,5,101,0,0,0,,0,1,8TH ST,TAYLOR ST,0,,Y,B,-,N,,,,,,,,,,Y,0,0,0,2,A,-,9,21801,A,N,D,C,A,A,H,-,A,A,0,,,,,Y,,A,1,0,0,0,0,0,0,0,0,0,-,-,,
8048015,2016,20160531,101,20160512,2500,75,221,4,5,5,101,0,0,0,,0,2,STANTON ST,BUENA VISTA AV,105,S,N,A,-,N,,,,,,,,,,N,0,0,0,2,A,-,8,22107,,M,B,E,A,A,H,-,C,D,0,,,,,Y,,-,99,0,0,0,0,0,0,0,0,0,-,-,,
8048019,2016,20160531,101,20160513,903,95,311,5,5,5,101,0,0,0,,0,3,OTIS DR,WILLOW ST,412,E,N,B,-,N,,,,,,,,,,Y,0,0,0,2,A,-,9,21804,A,N,D,C,A,A,H,-,A,D,0,,,,,Y,,A,1,0,0,0,0,0,0,0,0,0,-,-,,
8048023,2016,20160531,101,20160514,1613,40,242,6,5,5,101,0,0,0,,0,2,WILLOW ST,SAN ANTONIO AV,30,S,N,A,-,N,,,,,,,,,,N,0,0,0,2,A,-,3,22350,,N,G,B,F,A,H,-,A,D,0,Y,Y,,,Y,,L,4,0,0,0,0,0,0,0,0,0,-,-,,
8048027,2016,20160531,101,20160515,2500,36,334,7,5,5,101,0,0,0,,0,3,MOUND ST,ADAMS ST,110,N,N,A,-,N,,,,,,,,,,N,0,0,0,2,A,-,8,22107,,M,B,E,A,A,H,-,A,D,0,,,,,Y,Y,-,99,0,0,0,0,0,0,0,0,0,-,-,,
8048031,2016,20160531,101,20160514,2500,65,326,6,5,5,101,0,0,0,,0,3,SANTA CLARA AV,PARK ST,15,E,N,A,-,N,,,,,,,,,,N,0,0,0,2,A,-,8,22107,,M,B,E,A,A,H,-,C,A,0,,,,,Y,Y,-,- ,0,0,0,0,0,0,0,0,0,-,-,,
8048035,2016,20160531,101,20160516,945,66,245,1,5,5,101,0,0,0,,0,2,LINCOLN AV,CHESTNUT ST,0,,Y,A,-,N,,,,,,,,,,N,4,0,1,2,A,-,12,21453,A,N,D,C,A,A,H,-,A,A,0,,,,,Y,,A,8,0,0,1,0,0,0,0,0,0,-,-,,
8048039,2016,20160531,101,20160516,1515,61,326,1,5,5,101,0,0,0,,0,3,PARK ST,ALAMEDA AV,53,S,N,A,-,N,,,,,,,,,,N,0,0,0,2,A,-,21,22106,,N,B,C,A,A,H,-,A,D,0,,,,,Y,,A,1,0,0,0,0,0,0,0,0,0,-,-,,
8048043,2016,20160531,101,20160519,1729,95,221,4,5,5,101,0,0,0,,0,2,BUENA VISTA AV,BENTON ST,0,,Y,A,-,N,,,,,,,,,,N,0,0,0,2,A,-,3,22350,,N,C,C,A,A,H,-,A,D,0,,,,,Y,,A,1,0,0,0,0,0,0,0,0,0,-,-,,
8048047,2016,20160531,101,20160521,2500,65,326,6,5,5,101,0,0,0,,0,3,ALAMEDA AV,OAK ST,65,E,N,A,-,N,,,,,,,,,,N,0,0,0,2,A,-,8,22107,,M,B,E,A,A,H,-,A,D,0,,,,,Y,,-,99,0,0,0,0,0,0,0,0,0,-,-,,
8048051,2016,20160531,101,20160521,2257,23,126,6,5,5,101,0,0,0,,0,1,CENTRAL AV,6TH ST,0,,Y,A,-,N,,,,,,,,,,N,0,0,0,2,A,-,8,22107,,N,B,G,A,A,H,-,C,A,0,,Y,,,Y,,L,4,0,0,0,0,0,0,0,0,0,-,-,,
8048055,2016,20160531,101,20160522,230,22,124,7,5,5,101,0,0,0,,0,1,BUENA VISTA AV,BRUZZONE DR,124,W,N,B,-,N,,,,,,,,,,Y,0,0,0,5,A,-,8,22107,,M,B,E,A,A,H,-,C,D,0,,,,,Y,,A,7,0,0,0,0,0,0,0,0,0,-,-,,
8048059,2016,20160531,101,20160522,536,35,223,7,5,5,101,0,0,0,,0,2,SAN JOSE AV,PARU ST,75,W,N,A,-,N,,,,,,,,,,N,0,0,0,2,A,-,8,22107,,M,B,E,A,A,H,-,B,D,0,,,,,Y,,A,1,0,0,0,0,0,0,0,0,0,-,-,,
8048347,2016,20160531,101,20160515,1508,40,221,7,5,5,101,0,0,0,,0,2,LINCOLN AV,GRAND ST,21,E,N,A,-,N,,,,,,,,,,Y,0,0,0,2,A,-,9,21801,A,N,D,C,A,A,H,-,A,A,0,,,,,Y,,A,1,0,0,0,0,0,0,0,0,0,-,-,,
8048351,2016,20160531,101,20160519,807,68,106,4,5,5,101,0,0,0,,0,1,WILLIE STARGELL AV,MARINER SQUARE LOOP,14,W,N,A,-,N,,,,,,,,,,Y,0,0,0,1,A,-,8,22107,,M,E,I,A,A,H,-,A,A,0,,,,,Y,,D,22,0,0,0,0,0,0,0,0,0,-,-,,
8048409,2016,20160830,101,20160513,1449,95,317,5,5,5,101,0,0,0,,0,3,OTIS DR,PARK AV,111,E,N,A,-,N,,,,,,,,,,N,0,0,0,2,A,-,3,22350,,N,C,C,A,A,H,-,A,D,0,,,,,Y,,A,1,0,0,0,0,0,0,0,0,0,-,-,,
8048413,2016,20170211,101,20160518,1751,33,404,3,5,5,101,0,0,0,,0,4,ISLAND DR,RT 61,51,S,N,A,-,Y,ALA,4,61,-,-,18.52,I,6,S,N,0,0,0,2,A,-,3,22350,,N,C,C,A,A,H,-,A,A,0,,,,,Y,,A,1,0,0,0,0,0,0,0,0,0,-,-,,
8048561,2016,20160608,101,20160510,1517,41,143,2,5,5,101,0,0,0,,0,1,CONSTITUTION WY,BUENA VISTA AV,45,S,N,A,-,N,,,,,,,,,,N,4,0,1,2,A,-,21,22106,,M,C,C,A,A,H,-,A,A,0,,,,,Y,,A,7,0,0,1,0,0,0,0,0,0,-,-,,
8048565,2016,20160601,101,20160517,1524,95,138,2,5,5,101,0,0,0,,0,1,WESTLINE DR,PORTOLA AV,328,S,N,A,-,N,,,,,,,,,,N,4,0,2,2,A,-,8,21460,5,N,D,C,A,A,H,-,A,D,0,,,,,Y,,A,1,0,0,2,0,0,0,0,0,0,-,-,,
8048569,2016,20160601,101,20160520,1613,95,232,5,5,5,101,0,0,0,,0,2,WESTLINE DR,SHOREPOINT CT,0,,Y,B,-,N,,,,,,,,,,Y,4,0,2,2,A,-,9,21801,A,N,D,C,A,A,H,-,A,D,0,,,,,Y,,A,1,0,0,2,0,0,0,0,0,0,-,-,,
8048730,2016,20160531,101,20160505,1445,56,407,4,5,5,101,0,0,0,,0,4,ROBERT DAVEY JR DR,PACKET LANDING RD,245,W,N,A,-,N,,,,,,,,,,Y,3,0,1,2,A,-,3,22350,,N,H,G,A,A,H,-,A,D,0,,Y,,,Y,,D,22,0,1,0,0,0,0,1,0,0,-,-,,
8048734,2016,20160601,101,20160423,1353,61,343,6,5,5,101,0,0,0,,0,3,HIGH ST,LIBERTY AV,27,N,N,A,-,N,,,,,,,,,,N,0,0,0,2,A,-,8,22107,,M,B,E,A,A,H,-,A,D,0,,,,,Y,,D,22,0,0,0,0,0,0,0,0,0,-,-,,
8048819,2016,20170217,101,20160510,1042,51,105,2,5,5,101,0,0,0,,0,1,RT 260,WILLIE STARGELL AV,557,N,N,A,-,Y,ALA,4,260,-,R,0.91,H,-,N,Y,4,0,1,2,A,-,9,21804,A,N,B,C,A,A,H,-,A,D,0,,,,,Y,,A,7,0,0,1,0,0,0,0,0,0,-,-,,
8048823,2016,20160531,101,20160509,1242,45,223,1,5,5,101,0,0,0,,0,2,CLINTON AV,GRAND ST,197,E,N,A,-,N,,,,,,,,,,N,4,0,1,4,A,-,8,22107,,N,C,E,A,A,H,-,A,D,0,,,,,Y,,A,1,0,0,1,0,0,0,0,0,0,-,-,,
8048827,2016,20160531,101,20160509,801,89,302,1,5,5,101,0,0,0,,0,3,BLANDING AV,PARK ST,270,W,N,B,-,N,,,,,,,,,,N,4,0,1,2,A,-,17,22517,,N,H,G,A,A,H,-,A,D,0,,Y,,,Y,,A,1,0,0,1,0,0,0,1,0,0,-,-,,
8048872,2016,20160531,101,20160430,1538,40,326,6,5,5,101,0,0,0,,0,3,PARK ST,SANTA CLARA AV,43,S,N,A,-,N,,,,,,,,,,N,4,0,1,2,A,-,17,22517,,N,E,G,A,A,H,-,A,A,0,,Y,,,Y,,A,1,0,0,1,0,0,0,1,0,0,-,-,,
8048890,2016,20160601,101,20160507,1507,37,331,6,5,5,101,0,0,0,,0,3,FERNSIDE BL,PEARL ST,0,,Y,B,-,N,,,,,,,,,,N,0,0,0,2,A,-,3,22350,,N,D,C,A,B,H,-,A,A,0,,,,,Y,,A,1,0,0,0,0,0,0,0,0,0,-,-,,
8048894,2016,20160830,101,20160507,1320,40,407,6,5,5,101,0,0,0,,0,4,ISLAND DR,ROBERT DAVEY JR DR,370,S,N,C,-,N,,,,,,,,,,N,0,0,0,1,A,-,3,22350,,N,E,I,A,B,H,-,A,D,0,,,,,Y,,A,1,0,0,0,0,0,0,0,0,0,-,-,,
8048898,2016,20160601,101,20160503,609,23,252,2,5,5,101,0,0,0,,0,2,BUENA VISTA AV,BENTON ST,291,W,N,A,-,N,,,,,,,,,,N,0,0,0,1,A,-,8,22107,,M,E,I,A,A,H,-,B,A,0,,,,,Y,,A,1,0,0,0,0,0,0,0,0,0,-,-,,
8048961,2016,20170211,101,20160424,1630,61,311,7,5,5,101,0,0,0,,0,3,WILLOW ST,RT 61,26,S,N,A,-,Y,ALA,4,61,-,-,20.51,I,6,S,N,0,0,0,2,A,-,3,22350,,M,C,C,A,A,H,-,A,D,0,,,,,Y,,A,1,0,0,0,0,0,0,0,0,0,-,-,,
8050215,2016,20160610,101,20160515,2500,17,305,7,5,5,101,0,0,0,,0,3,PARK ST,PACIFIC AV,103,N,N,A,-,N,,,,,,,,,,N,0,0,0,2,A,-,8,22107,,M,B,C,A,A,H,-,A,D,0,,,,,Y,,A,1,0,0,0,0,0,0,0,0,0,-,-,,
8050216,2016,20160610,101,20160526,1911,96,143,4,5,5,101,0,0,0,,0,2,8TH ST,LINCOLN AV,84,N,N,A,-,N,,,,,,,,,,N,0,0,0,2,A,-,8,22107,,M,B,E,A,A,H,-,A,D,0,,,,,Y,,-,99,0,0,0,0,0,0,0,0,0,-,-,,
8050217,2016,20160610,101,20160527,1419,75,214,5,5,5,101,0,0,0,,0,2,SANTA CLARA AV,9TH ST,17,W,N,A,-,N,,,,,,,,,,N,0,0,0,2,A,-,3,22350,,N,C,C,A,A,H,-,A,D,0,,,,,Y,,A,7,0,0,0,0,0,0,0,0,0,-,-,,
8050218,2016,20160610,101,20160527,349,79,334,5,5,5,101,0,0,0,,0,3,PEARL ST,CLAY ST,26,N,N,A,-,N,,,,,,,,,,Y,0,0,0,4,A,-,1,23152,,N,C,E,A,A,H,-,C,D,0,,,,,Y,Y,A,1,0,0,0,0,0,0,0,0,0,-,-,,
8050219,2016,20160610,101,20160528,2500,21,235,6,5,5,101,0,0,0,,0,2,SHOREVINE,GRAND ST,484,E,N,A,-,N,,,,,,,,,,N,0,0,0,2,A,-,21,22106,,M,C,E,A,A,H,-,A,D,0,,,,,Y,,-,99,0,0,0,0,0,0,0,0,0,-,-,,
8050220,2016,20160610,101,20160531,1415,56,341,2,5,5,101,0,0,0,,0,3,SAN JOSE AV,FERNSIDE BL,0,,Y,A,-,N,,,,,,,,,,N,0,0,0,2,A,-,9,21802,A,N,H,G,A,A,H,-,A,A,0,,Y,,,Y,,L,4,0,0,0,0,0,0,0,0,0,-,-,,
8050221,2016,20160610,101,20160531,2500,70,423,2,5,5,101,0,0,0,,0,4,TIPPERARY LN,TIPPERARY CT,21,E,N,A,-,N,,,,,,,,,,N,0,0,0,2,A,-,8,22107,,M,-,E,A,A,H,-,A,D,0,,,,,Y,,-,99,0,0,0,0,0,0,0,0,0,-,-,,
8050295,2016,20170211,101,20160601,1333,75,321,3,5,5,101,0,0,0,,0,2,BROADWAY,CHESTER ST,51,S,N,A,-,Y,ALA,4,61,-,-,19.84,I,5,N,N,0,0,0,2,A,-,3,22350,,N,C,C,A,A,H,-,A,A,0,,,,,Y,,D,22,0,0,0,0,0,0,0,0,0,-,-,,
8050296,2016,20160614,101,20160524,1324,10,306,2,5,5,101,0,0,0,,0,3,ALAMEDA AV,WALNUT ST,91,W,N,A,-,N,,,,,,,,,,N,0,0,0,2,A,-,8,22107,,M,B,E,A,A,H,-,A,D,0,,,,,Y,Y,-,99,0,0,0,0,0,0,0,0,0,-,-,,
8050355,2016,20161207,101,20160529,2035,46,112,7,5,5,101,0,0,0,,0,1,RT 260,ATLANTIC AV,178,N,N,A,-,N,,,,,,,,,,N,0,0,0,1,A,-,3,22350,,N,E,I,A,A,H,-,C,D,0,,,,,Y,,A,1,0,0,0,0,0,0,0,0,0,-,-,,
8050356,2016,20170211,101,20160527,2500,10,318,5,5,5,101,0,0,0,,0,3,RT 61,CALHOUN ST,0,,Y,A,-,Y,ALA,4,61,-,-,19.52,H,-,N,N,0,0,0,1,A,-,8,22107,,M,E,I,A,A,H,-,A,A,0,,,,,Y,,-,99,0,0,0,0,0,0,0,0,0,-,-,,
8050395,2016,20160610,101,20160526,1644,56,327,4,5,5,101,0,0,0,,0,3,TILDEN WY,BROADWAY,0,,Y,A,-,N,,,,,,,,,,Y,4,0,1,2,A,-,12,21453,A,N,A,C,A,A,H,-,A,A,0,,,,,Y,,A,1,0,0,1,0,0,0,0,0,0,-,-,,
8050396,2016,20160610,101,20160528,1430,65,3,6,5,5,101,0,0,0,,0,316,SHORELINE DR,PARK ST,541,E,N,A,-,N,,,,,,,,,,Y,2,0,1,3,A,-,3,22350,,N,B,C,A,A,H,-,A,D,0,,,Y,,Y,,C,2,1,0,0,0,0,0,0,0,1,-,-,,
8052730,2016,20160609,101,20160515,1913,17,305,7,5,5,101,0,0,0,,0,3,CLEMENT AV,OAK ST,0,,Y,A,-,N,,,,,,,,,,Y,4,0,1,2,A,-,12,22450,A,F,D,C,A,A,H,-,A,A,0,,,,,Y,,A,1,0,0,1,0,0,0,0,0,0,-,-,,
8052734,2016,20160609,101,20160508,1135,17,314,7,5,5,101,0,0,0,,0,3,SHORELINE DR,SOUTHSHORE CENTER,15,E,N,A,-,N,,,,,,,,,,N,2,0,1,2,A,-,10,21950,A,N,G,B,B,A,H,-,A,A,0,Y,,,,Y,,A,1,1,0,0,0,1,0,0,0,0,-,-,,
8052738,2016,20160609,101,20160520,1610,11,343,5,5,5,101,0,0,0,,0,3,FERNSIDE BL,EASTSHORE DR,33,S,N,G,-,N,,,,,,,,,,Y,4,0,2,3,A,-,3,22350,,N,C,C,A,A,H,-,A,A,0,,,,,Y,Y,A,8,0,0,2,0,0,0,0,0,0,-,-,,
8052742,2016,20160609,101,20160524,1829,61,330,2,5,5,101,0,0,0,,0,3,HIGH ST,FERNSIDE BL,85,N,N,A,-,N,,,,,,,,,,N,4,0,1,2,A,-,5,21650,,N,D,G,A,A,H,-,A,A,0,,Y,,,Y,,L,4,0,0,1,0,0,0,1,0,0,-,-,,
8052814,2016,20160608,101,20160524,2218,23,327,2,5,5,101,0,0,0,,0,3,CLEMENT AV,PARK ST,0,,Y,A,-,N,,,,,,,,,,N,0,0,0,2,A,-,12,21453,A,N,D,C,A,A,H,-,C,A,0,,,,,Y,,A,1,0,0,0,0,0,0,0,0,0,-,-,,
8052818,2016,20160608,101,20160525,1415,56,240,3,5,5,101,0,0,0,,0,2,OTIS DR,SANDCREEK WY,95,E,N,A,-,N,,,,,,,,,,Y,0,0,0,2,A,-,8,22107,,N,C,E,A,A,H,-,A,D,0,,,,,Y,,A,7,0,0,0,0,0,0,0,0,0,-,-,,
8053020,2016,20170218,101,20160524,1509,95,310,2,5,5,101,0,0,0,,0,3,ENCINAL AV,WALNUT ST,110,W,N,B,-,Y,ALA,4,61,-,-,20.34,H,-,N,N,0,0,0,3,A,-,8,22107,,N,B,C,A,A,H,-,A,D,0,,,,,Y,,A,1,0,0,0,0,0,0,0,0,0,-,-,,
8053946,2016,20160610,101,20160523,1322,37,129,1,5,5,101,0,0,0,,0,1,3RD ST,HAIGHT AV,16,S,N,A,-,N,,,,,,,,,,N,0,0,0,2,A,-,8,22107,,N,B,E,A,A,H,-,A,D,0,,,,Y,Y,,G,26,0,0,0,0,0,0,0,0,0,-,-,,
8054687,2016,20160714,101,20160614,1541,56,230,2,5,5,101,0,0,0,,0,2,WILLOW ST,CLINTON AV,260,S,N,A,-,N,,,,,,,,,,N,0,0,0,2,A,-,8,22107,,N,B,E,A,A,H,-,A,D,0,,,,,Y,,J,41,0,0,0,0,0,0,0,0,0,-,-,,
8054781,2016,20160712,101,20160623,1353,56,222,4,5,5,101,0,0,0,,0,2,GRAND ST,ENCINAL AV,71,N,N,A,-,N,,,,,,,,,,N,4,0,1,2,B,-,22,,,N,B,C,A,A,H,-,A,D,0,,,,,Y,,J,43,0,0,1,0,0,0,0,0,0,-,-,,
8059949,2016,20160614,101,20160601,1800,45,222,3,5,5,101,0,0,0,,0,2,MORTON ST,ENCINAL AV,60,S,N,A,-,N,,,,,,,,,,N,0,0,0,2,A,-,8,22107,,M,B,E,A,A,H,-,A,D,0,,,,,Y,,-,,0,0,0,0,0,0,0,0,0,-,-,,
8059953,2016,20160614,101,20160602,2500,40,306,4,5,5,101,0,0,0,,0,3,CENTRAL AV,WALNUT ST,274,W,N,A,-,N,,,,,,,,,,N,0,0,0,2,A,-,8,22107,,M,B,E,A,A,H,-,A,D,0,,,,,Y,,-,99,0,0,0,0,0,0,0,0,0,-,-,,
8059961,2016,20160614,101,20160602,1944,18,343,4,5,5,101,0,0,0,,0,3,FERNSIDE BL,EAST SHORE DR,60,S,N,A,-,N,,,,,,,,,,N,0,0,0,4,A,-,8,22107,,N,A,E,A,A,H,-,A,D,0,,,,,Y,,A,1,0,0,0,0,0,0,0,0,0,-,-,,
8059965,2016,20160614,101,20160602,1237,95,231,4,5,5,101,0,0,0,,0,2,SHORELINE DR,CORAL REEF RD,84,W,N,A,-,N,,,,,,,,,,Y,0,0,0,2,A,-,8,22107,,N,C,E,A,A,H,-,A,D,0,,,,,Y,,A,1,0,0,0,0,0,0,0,0,0,-,-,,
8066642,2016,20160624,101,20160616,1525,56,331,4,5,5,101,0,0,0,,0,3,FERNSIDE BL,YALE DR,90,E,N,A,-,N,,,,,,,,,,Y,0,0,0,1,C,-,18,,,N,E,I,A,A,H,-,A,D,0,,,,,Y,,-,- ,0,0,0,0,0,0,0,0,0,-,-,,
8066646,2016,20160624,101,20160616,1105,95,250,4,5,5,101,0,0,0,,0,2,CONSTITUTION WY,MARINA VILLAGE PKWY,70,N,N,A,-,N,,,,,,,,,,Y,0,0,0,2,A,-,7,21658,A,N,B,C,A,A,H,-,A,A,0,,,,,Y,,E,22,0,0,0,0,0,0,0,0,0,-,-,,
8066647,2016,20160830,101,20160607,1254,68,123,2,5,5,101,0,0,0,,0,1,RT 260,BUENA VISTA AV,151,N,N,A,-,N,,,,,,,,,,N,0,0,0,2,A,-,21,22106,,N,D,E,A,A,H,-,A,D,0,,,,,Y,,A,1,0,0,0,0,0,0,0,0,0,-,-,,
8066650,2016,20170217,101,20160614,1337,95,105,2,5,5,101,0,0,0,,0,1,RT 260,WILLIE STARGELL AV,0,,Y,A,-,Y,ALA,4,260,-,R,0.81,H,-,S,N,4,0,1,2,A,-,3,22350,,N,C,C,A,A,H,-,A,A,0,,,,,Y,,D,22,0,0,1,0,0,0,0,0,0,-,-,,
8066651,2016,20160830,101,20160606,1645,49,124,1,5,5,101,0,0,0,,0,1,RT 260,LINCOLN AV,0,,Y,A,-,N,,,,,,,,,,N,0,0,0,2,A,-,8,22100,B,N,D,C,A,A,H,-,A,A,0,,,,,Y,,A,1,0,0,0,0,0,0,0,0,0,-,-,,
8066654,2016,20160624,101,20160614,1017,56,311,2,5,5,101,0,0,0,,0,3,OTIS DR,PARK ST,0,,Y,A,-,N,,,,,,,,,,Y,0,0,0,2,A,-,6,21754,,N,B,C,A,A,H,-,A,A,0,,,,Y,Y,,A,1,0,0,0,0,0,0,0,0,0,-,-,,
8066655,2016,20160711,101,20160612,1559,66,406,7,5,5,101,0,0,0,,0,4,E SHEFFIELD RD,N SHEFFIELD RD,162,N,N,A,-,N,,,,,,,,,,N,0,0,0,1,A,-,21,22106,,M,E,I,A,A,H,-,A,D,0,,,,,Y,,A,1,0,0,0,0,0,0,0,0,0,-,-,,
8066659,2016,20160624,101,20160615,740,55,333,3,5,5,101,0,0,0,,0,3,HIGH ST,SANTA CLARA AV,9,N,N,A,-,N,,,,,,,,,,Y,0,0,0,3,A,-,1,23152,,M,E,I,A,A,H,-,A,A,0,,,,,Y,Y,A,1,0,0,0,0,0,0,0,0,0,-,-,,
8066663,2016,20160624,101,20160615,719,56,306,3,5,5,101,0,0,0,,0,3,SANTA CLARA AV,OAK ST,416,W,N,A,-,N,,,,,,,,,,Y,0,0,0,2,A,-,9,21804,A,N,D,C,A,A,H,-,A,D,0,,,,,Y,,A,1,0,0,0,0,0,0,0,0,0,-,-,,