CASE_ID,ACCIDENT_YEAR,PROC_DATE,JURIS,COLLISION_DATE,COLLISION_TIME,OFFICER_ID,REPORTING_DISTRICT,DAY_OF_WEEK,CHP_SHIFT,POPULATION,CNTY_CITY_LOC,SPECIAL_COND,BEAT_TYPE,CHP_BEAT_TYPE,CITY_DIVISION_LAPD,CHP_BEAT_CLASS,BEAT_NUMBER,PRIMARY_RD,SECONDARY_RD,DISTANCE,DIRECTION,INTERSECTION,WEATHER_1,WEATHER_2,STATE_HWY_IND,CALTRANS_COUNTY,CALTRANS_DISTRICT,STATE_ROUTE,ROUTE_SUFFIX,POSTMILE_PREFIX,POSTMILE,LOCATION_TYPE,RAMP_INTERSECTION,SIDE_OF_HWY,TOW_AWAY,COLLISION_SEVERITY,NUMBER_KILLED,NUMBER_INJURED,PARTY_COUNT,PRIMARY_COLL_FACTOR,PCF_CODE_OF_VIOL,PCF_VIOL_CATEGORY,PCF_VIOLATION,PCF_VIOL_SUBSECTION,HIT_AND_RUN,TYPE_OF_COLLISION,MVIW,PED_ACTION,ROAD_SURFACE,ROAD_COND_1,ROAD_COND_2,LIGHTING,CONTROL_DEVICE,CHP_ROAD_TYPE,PEDESTRIAN_ACCIDENT,BICYCLE_ACCIDENT,MOTORCYCLE_ACCIDENT,TRUCK_ACCIDENT,NOT_PRIVATE_PROPERTY,ALCOHOL_INVOLVED,STWD_VEHTYPE_AT_FAULT,CHP_VEHTYPE_AT_FAULT,COUNT_SEVERE_INJ,COUNT_VISIBLE_INJ,COUNT_COMPLAINT_PAIN,COUNT_PED_KILLED,COUNT_PED_INJURED,COUNT_BICYCLIST_KILLED,COUNT_BICYCLIST_INJURED,COUNT_MC_KILLED,COUNT_MC_INJURED,PRIMARY_RAMP,SECONDARY_RAMP,LATITUDE,LONGITUDE
8090246,2016,20160726,101,20160715,2306,10,235,5,5,5,101,0,0,0,,0,2,KITTY HAWK RD,FRANCISCAN WY,100,S,N,A,-,N,,,,,,,,,,N,0,0,0,2,A,-,1,23152,A,M,B,E,A,A,H,-,C,D,0,,,,,Y,Y,A,1,0,0,0,0,0,0,0,0,0,-,-,,
8090250,2016,20160726,101,20160716,231,33,423,6,5,5,101,0,0,0,,0,4,KOFMAN PKWY,KOFMAN CT,11.9,W,N,A,-,N,,,,,,,,,,N,0,0,0,2,A,-,8,22107,,N,B,E,A,A,H,-,C,A,0,,,,,Y,,A,7,0,0,0,0,0,0,0,0,0,-,-,,
8090262,2016,20160726,101,20160709,1019,75,331,6,5,5,101,0,0,0,,0,3,FERNSIDE BL,PEARL ST,7,W,N,A,-,N,,,,,,,,,,N,0,0,0,2,A,-,9,21802,A,N,D,C,A,A,H,-,A,D,0,,,,,Y,,A,1,0,0,0,0,0,0,0,0,0,-,-,,
8090266,2016,20160728,101,20160711,2500,70,221,1,5,5,101,0,0,0,,0,2,GRAND ST,LINCOLN AV,76,S,N,A,-,N,,,,,,,,,,N,0,0,0,2,A,-,8,22107,,M,B,E,A,A,H,-,A,D,0,,,,,Y,,-,99,0,0,0,0,0,0,0,0,0,-,-,,
8090270,2016,20160725,101,20160713,17,22,231,3,5,5,101,0,0,0,,0,2,SHORELINE DR,CORAL REEF RD,91,E,N,A,-,N,,,,,,,,,,N,0,0,0,1,A,-,8,22107,,N,E,J,A,A,H,-,C,D,0,,,,,Y,,A,7,0,0,0,0,0,0,0,0,0,-,-,,
8090274,2016,20160726,101,20160713,154,22,222,3,5,5,101,0,0,0,,0,2,SHERMAN ST,CENTRAL AV,147,N,N,A,-,N,,,,,,,,,,N,0,0,0,2,A,-,8,22107,,N,B,E,A,A,H,-,C,D,0,,,,,Y,,A,1,0,0,0,0,0,0,0,0,0,-,-,,
8090324,2016,20160725,101,20160716,1144,40,504,6,5,5,101,0,0,0,,0,5,BARBERS POINT RD,LIGHTHOUSE WY,152,S,N,A,-,N,,,,,,,,,,Y,4,0,2,1,A,-,21,22106,,N,C,I,A,A,H,-,A,A,0,,,,,Y,,-,,0,0,2,0,0,0,0,0,0,-,-,,
8090348,2016,20160725,101,20160708,2207,33,321,5,5,5,101,0,0,0,,0,3,BROADWAY,CHESTER ST,20,S,N,A,-,N,,,,,,,,,,N,4,0,1,2,A,-,3,22350,,N,C,C,A,A,H,-,C,A,0,,,,,Y,,A,1,0,0,1,0,0,0,0,0,0,-,-,,
8090352,2016,20160725,101,20160709,1511,30,311,6,5,5,101,0,0,0,,0,3,PARK ST,OTIS DR,191,N,N,A,-,N,,,,,,,,,,N,4,0,1,2,A,-,3,22350,,N,C,C,A,A,H,-,A,A,0,,,,,Y,,A,1,0,0,1,0,0,0,0,0,0,-,-,,
8092412,2016,20160727,101,20160705,2500,12,304,2,5,5,101,0,0,0,,0,3,BUENA VISTA AV,MULBERRY ST,38,E,N,B,-,N,,,,,,,,,,N,0,0,0,2,A,-,8,22107,,M,B,E,A,A,H,-,C,A,0,,,,,Y,,-,99,0,0,0,0,0,0,0,0,0,-,-,,
8092420,2016,20160727,101,20160706,1836,96,113,3,5,5,101,0,0,0,,0,1,MAIN ST,WILLIE STARGELL AV,0,,Y,A,-,N,,,,,,,,,,N,0,0,0,2,A,-,9,21801,A,N,D,C,A,A,H,-,A,A,0,,,,,Y,,A,1,0,0,0,0,0,0,0,0,0,-,-,,
8092424,2016,20160727,101,20160705,1644,95,126,2,5,5,101,0,0,0,,0,1,HAIGHT AV,6TH ST,0,,Y,A,-,N,,,,,,,,,,N,0,0,0,3,A,-,9,21802,A,N,D,C,A,A,H,-,A,A,0,,,,,Y,,A,1,0,0,0,0,0,0,0,0,0,-,-,,
8092466,2016,20160902,101,20160705,1223,66,243,2,5,5,101,0,0,0,,0,2,CHESTNUT ST,LINCOLN AV,201,S,N,A,-,N,,,,,,,,,,N,0,0,0,2,A,-,8,22107,,M,B,E,A,A,H,-,C,D,0,,,,,Y,,-,99,0,0,0,0,0,0,0,0,0,-,-,,
8096814,2016,20160812,101,20160627,902,34,242,1,5,5,101,0,0,0,,0,2,SAN ANTONIO AV,LAFAYETTE ST,239,W,N,A,-,N,,,,,,,,,,N,3,0,1,2,A,-,11,21954,A,N,G,B,D,A,H,-,A,D,0,Y,,,,Y,,N,60,0,1,0,0,1,0,0,0,0,-,-,,
8103215,2016,20160823,101,20160813,350,55,245,6,5,5,101,0,0,0,,0,2,BUENA VISTA AV,UNION ST,85,W,N,A,-,N,,,,,,,,,,N,0,0,0,3,A,-,8,22107,,M,B,E,A,A,H,-,C,D,0,,,,,Y,,-,99,0,0,0,0,0,0,0,0,0,-,-,,
8104022,2016,20160823,101,20160724,1646,66,341,7,5,5,101,0,0,0,,0,3,FERNSIDE BL,OTIS DR,203,N,N,A,-,N,,,,,,,,,,N,0,0,0,2,A,-,3,22350,,M,C,C,A,A,H,-,A,A,0,,,,,Y,Y,A,7,0,0,0,0,0,0,0,0,0,-,-,,
8104087,2016,20170218,101,20160814,1800,37,375,7,5,5,101,0,0,0,,0,3,RT 61,ISLAND DR,360,N,N,A,-,Y,ALA,4,61,-,-,18.59,H,-,S,N,0,0,0,2,A,-,8,22107,,N,B,E,A,A,H,-,A,D,0,,,,,Y,,A,1,0,0,0,0,0,0,0,0,0,-,-,,
8104091,2016,20170218,101,20160814,2045,46,142,7,5,5,101,0,0,0,,0,1,RT 260,CENTRAL AV,35,N,N,A,-,Y,ALA,4,61,-,-,21.966,I,6,N,N,0,0,0,2,A,-,8,22107,,N,B,C,A,A,H,-,C,D,0,,,,,Y,,A,1,0,0,0,0,0,0,0,0,0,-,-,,
8104095,2016,20170218,101,20160803,1227,11,105,3,5,5,101,0,0,0,,0,1,RT 260,POSEY TUBE ENTRANCE,389,N,N,A,-,Y,ALA,4,260,-,R,1.19,H,-,N,Y,0,0,0,3,A,-,3,22350,,N,C,C,A,A,H,-,A,D,0,,,,,Y,,A,1,0,0,0,0,0,0,0,0,0,-,-,,
8104179,2016,20160822,101,20160724,1619,12,232,7,5,5,101,0,0,0,,0,2,WESTLINE DR,SHOREPOINT CT,114,N,N,A,-,N,,,,,,,,,,N,0,0,0,2,A,-,1,23152,A,M,B,E,A,A,H,-,A,A,0,,,,,Y,Y,A,7,0,0,0,0,0,0,0,0,0,-,-,,
8104183,2016,20160822,101,20160731,1248,66,235,7,5,5,101,0,0,0,,0,2,SHORELINE DR,KITTY HAWK RD,393,W,N,A,-,N,,,,,,,,,,N,0,0,0,3,A,-,3,22350,,N,C,E,A,A,H,-,A,D,0,,,,,Y,,A,1,0,0,0,0,0,0,0,0,0,-,-,,
8104186,2016,20160822,101,20160806,2500,59,216,6,5,5,101,0,0,0,,0,2,BURBANK ST,PORTOLA AV,109,N,N,A,-,N,,,,,,,,,,N,0,0,0,2,A,-,8,22107,,M,D,E,A,A,H,-,A,D,0,,,,,Y,,-,99,0,0,0,0,0,0,0,0,0,-,-,,
8104221,2016,20160822,101,20160803,1319,55,326,3,5,5,101,0,0,0,,0,3,SANTA CLARA AV,PARK AV,98,W,N,A,-,N,,,,,,,,,,N,0,0,0,2,A,-,21,22106,,N,H,E,A,A,H,-,A,A,0,,,,,Y,,I,10,0,0,0,0,0,0,0,0,0,-,-,,
8104225,2016,20160822,101,20160813,820,11,222,6,5,5,101,0,0,0,,0,2,CENTRAL AV,SHERMAN ST,15,E,N,A,-,N,,,,,,,,,,N,0,0,0,2,A,-,9,21800,A,N,D,C,A,A,H,-,A,A,0,,,,,Y,,A,1,0,0,0,0,0,0,0,0,0,-,-,,
8104229,2016,20160822,101,20160811,1854,87,105,4,5,5,101,0,0,0,,0,1,MITCHELL AV,MARINER SQUARE LOOP,0,,Y,A,-,N,,,,,,,,,,N,0,0,0,2,A,-,9,21802,B,N,D,C,A,A,H,-,B,A,0,,,,,Y,,A,1,0,0,0,0,0,0,0,0,0,-,-,,
8104233,2016,20160822,101,20160808,2023,41,330,1,5,5,101,0,0,0,,0,3,FERNSIDE BL,HIGH ST,0,,Y,A,-,N,,,,,,,,,,N,0,0,0,2,A,-,3,22350,,M,C,C,A,A,H,-,C,A,0,,,Y,,Y,,A,1,0,0,0,0,0,0,0,0,0,-,-,,
8104289,2016,20161010,101,20160730,1852,30,216,6,5,5,101,0,0,0,,0,2,EVERETT ST,SANTA CLARA AV,0,,Y,A,-,N,,,,,,,,,,N,4,0,2,4,A,-,10,21950,A,N,G,B,B,A,H,-,A,-,0,Y,,,,Y,,A,1,0,0,2,0,2,0,0,0,0,-,-,,
8104293,2016,20160826,101,20160725,1755,61,318,1,5,5,101,0,0,0,,0,3,PARK AV,ENCINAL AV,245,S,N,A,-,N,,,,,,,,,,N,3,0,1,2,A,-,11,21950,B,N,G,B,D,A,H,-,A,D,0,Y,,,,Y,,N,60,0,1,0,0,1,0,0,0,0,-,-,,
8106223,2016,20160829,101,20160531,652,9455,2,2,5,5,101,0,0,0,,0,25X,CALIFORNIA ST,LOMA VISTA AV,39,E,N,A,-,N,,,,,,,,,,Y,0,0,0,2,A,-,8,22107,,M,B,E,A,A,H,-,A,A,0,,,,,Y,,A,8,0,0,0,0,0,0,0,0,0,-,-,,
8106693,2016,20170218,101,20160801,830,55,311,1,5,5,101,0,0,0,,0,3,RT 61,PARK ST,120,E,N,A,-,Y,ALA,4,61,-,-,20.06,H,-,S,N,0,0,0,2,A,-,8,22107,,N,B,C,A,A,H,-,A,A,0,,,,,Y,,A,1,0,0,0,0,0,0,0,0,0,-,-,,
8106697,2016,20160822,101,20160805,830,11,219,5,5,5,101,0,0,0,,0,2,LINCOLN AV,SHERMAN ST,177,W,N,B,-,N,,,,,,,,,,N,0,0,0,2,A,-,7,21658,A,M,B,E,A,A,H,-,A,D,0,,,,Y,Y,,F,26,0,0,0,0,0,0,0,0,0,-,-,,
8107058,2016,20160823,101,20160801,1018,89,305,1,5,5,101,0,0,0,,0,3,LINCOLN AV,PARK ST,24,E,N,A,-,N,,,,,,,,,,N,0,0,0,2,A,-,12,21453,A,N,D,C,A,A,H,-,A,A,0,,,,,Y,,A,1,0,0,0,0,0,0,0,0,0,-,-,,
8107066,2016,20161024,101,20160806,1629,21,333,6,5,5,101,0,0,0,,0,3,SANTA CLARA AV,GIBBONS DR,20,W,N,A,-,N,,,,,,,,,,N,0,0,0,2,A,-,3,22350,,M,C,C,A,A,H,-,A,D,0,,,,,Y,,A,1,0,0,0,0,0,0,0,0,0,-,-,,
8107070,2016,20160825,101,20160806,1641,49,507,6,5,5,101,0,0,0,,0,5,BARBERS POINT RD,ORION ST,480,E,N,A,-,N,,,,,,,,,,N,0,0,0,2,A,-,8,22107,,N,C,E,A,A,H,-,A,D,0,,,,,Y,,A,1,0,0,0,0,0,0,0,0,0,-,-,,
8107097,2016,20160825,101,20160806,615,21,333,6,5,5,101,0,0,0,,0,3,LINCOLN AV,GIBBONS DR,20,E,N,A,-,N,,,,,,,,,,N,0,0,0,1,A,-,8,22107,,M,E,I,A,A,H,-,B,D,0,,,,,Y,,-,99,0,0,0,0,0,0,0,0,0,-,-,,
8107113,2016,20160823,101,20160804,2257,46,145,4,5,5,101,0,0,0,,0,1,EAGLE AV,CONSTITUTION WY,0,,Y,B,-,N,,,,,,,,,,N,0,0,0,2,A,-,9,21802,A,M,D,C,A,A,H,-,C,D,0,,,,,Y,,A,1,0,0,0,0,0,0,0,0,0,-,-,,
8107351,2016,20160822,101,20160731,1612,66,243,7,5,5,101,0,0,0,,0,2,ALAMEDA AV,CHESTNUT ST,0,,Y,A,-,N,,,,,,,,,,N,0,0,0,2,A,-,9,21802,A,N,D,C,A,A,H,-,A,A,0,,,,,Y,,A,1,0,0,0,0,0,0,0,0,0,-,-,,
8107444,2016,20161024,101,20160808,43,22,124,1,5,5,101,0,0,0,,0,1,LINCOLN AV,5TH ST,0,,Y,A,-,N,,,,,,,,,,N,4,0,1,2,A,-,1,23153,A,N,D,G,A,A,H,-,C,A,0,,Y,,,Y,Y,A,1,0,0,1,0,0,0,1,0,0,-,-,,
8107448,2016,20160822,101,20160804,55,93,145,4,5,5,101,0,0,0,,0,1,CONSTITUTION WY,EAGLE AV,27,N,N,A,-,N,,,,,,,,,,Y,3,0,1,1,A,-,1,23152,A,N,E,I,A,A,H,-,C,D,0,,,Y,,Y,Y,C,2,0,1,0,0,0,0,0,0,1,-,-,,
8107498,2016,20160822,101,20160801,1818,49,235,1,5,5,101,0,0,0,,0,2,SHORELINE DR,KITTY HAWK RD,179,E,N,A,-,N,,,,,,,,,,N,4,0,1,2,A,-,8,22107,,N,B,G,A,A,H,-,A,D,0,,Y,,,Y,,L,4,0,0,1,0,0,0,1,0,0,-,-,,
8107502,2016,20160822,101,20160801,2324,70,305,1,5,5,101,0,0,0,,0,3,BUENA VISTA AV,PARK ST,0,,Y,A,-,N,,,,,,,,,,Y,4,0,4,2,A,-,9,21801,A,N,A,C,A,A,H,-,C,A,0,,,,,Y,,A,8,0,0,4,0,0,0,0,0,0,-,-,,
8111416,2016,20160907,101,20160722,2331,18,228,5,5,5,101,0,0,0,,0,2,CONSTITUTION WY,LINCOLN AV,0,,Y,A,-,N,,,,,,,,,,N,0,0,0,1,A,-,3,22350,,M,A,I,A,A,H,-,C,A,0,,,,,Y,Y,A,1,0,0,0,0,0,0,0,0,0,-,-,,
8111428,2016,20160907,101,20160721,2133,18,305,4,5,5,101,0,0,0,,0,3,PARK ST,BUENA VISTA AV,126,S,N,A,-,N,,,,,,,,,,N,0,0,0,2,A,-,1,23152,A,N,C,C,A,A,H,-,C,A,0,,,,,Y,Y,A,1,0,0,0,0,0,0,0,0,0,-,-,,
8115357,2016,20160902,101,20160810,1424,95,317,3,5,5,101,0,0,0,,0,3,BROADWAY,OTIS DR,0,,Y,A,-,N,,,,,,,,,,Y,3,0,1,2,A,-,3,22350,,N,A,I,A,A,H,-,A,A,0,,,,,Y,,A,7,0,1,0,0,0,0,0,0,0,-,-,,
8115371,2016,20160902,101,20160817,2140,70,250,3,5,5,101,0,0,0,,0,1,ATLANTIC AV,CONSTITUTION WY,0,,Y,A,-,N,,,,,,,,,,N,4,0,1,2,A,-,10,21950,A,N,G,B,B,A,H,-,C,A,0,Y,,,,Y,Y,A,1,0,0,1,0,1,0,0,0,0,-,-,,
8115451,2016,20160901,101,20160816,1748,59,221,2,5,5,101,0,0,0,,0,2,BUENA VISTA AV,GRAND ST,0,,Y,A,-,N,,,,,,,,,,N,0,0,0,2,A,-,9,21801,A,N,A,C,A,A,H,-,A,A,0,,,,,Y,,A,1,0,0,0,0,0,0,0,0,0,-,-,,
8115455,2016,20160901,101,20160817,1856,96,245,3,5,5,101,0,0,0,,0,2,PACIFIC AV,MINTURN ST,0,,Y,A,-,N,,,,,,,,,,N,0,0,0,2,A,-,9,21802,A,N,D,G,A,A,H,-,A,D,0,,Y,,,Y,,A,1,0,0,0,0,0,0,0,0,0,-,-,,
8115475,2016,20170218,101,20160816,1340,56,318,2,5,5,101,0,0,0,,0,3,BROADWAY,SAN JOSE AV,0,,Y,A,-,Y,ALA,4,61,-,-,19.71,I,5,N,N,0,0,0,2,A,-,12,22450,,N,D,C,A,A,H,-,A,A,0,,,,,Y,,A,1,0,0,0,0,0,0,0,0,0,-,-,,
8117529,2016,20160912,101,20160818,1620,30,311,4,5,5,101,0,0,0,,0,3,OTIS DR,EAST PARK ST,103,E,N,A,-,N,,,,,,,,,,N,0,0,0,1,A,-,3,22350,,N,H,I,A,A,H,-,A,D,0,,,,Y,Y,,G,27,0,0,0,0,0,0,0,0,0,-,-,,
8117532,2016,20160908,101,20160817,1720,50,214,3,5,5,101,0,0,0,,0,2,LINCOLN AV,CHESTNUT ST,255,E,N,A,-,N,,,,,,,,,,N,0,0,0,2,A,-,8,22107,,M,B,C,A,A,H,-,A,D,0,,,,,Y,,A,1,0,0,0,0,0,0,0,0,0,-,-,,
8117565,2016,20160913,101,20160821,918,51,502,7,5,5,101,0,0,0,,0,5,RALPH APPEZZATO MEMORIAL PKWY,MAIN ST,0,,Y,A,-,N,,,,,,,,,,Y,4,0,2,2,A,-,8,22107,,N,D,C,A,A,H,-,A,A,0,,,,,Y,,A,7,0,0,2,0,0,0,0,0,0,-,-,,
8117569,2016,20160912,101,20160825,1813,96,124,4,5,5,101,0,0,0,,0,1,BUENA VISTA AV,GRESHAM DR,217,E,N,A,-,N,,,,,,,,,,N,4,0,1,4,A,-,8,22107,,N,A,E,A,A,H,-,A,D,0,,,,,Y,,A,1,0,0,1,0,0,0,0,0,0,-,-,,
8117573,2016,20160928,101,20160823,802,56,343,2,5,5,101,0,0,0,,0,3,FERNSIDE BL,THOMPSON AV,130,S,N,B,-,N,,,,,,,,,,Y,0,0,0,2,A,-,3,22350,,N,C,C,A,A,H,-,A,D,0,,,,,Y,,A,1,0,0,0,0,0,0,0,0,0,-,-,,
8117577,2016,20170124,101,20160822,913,55,426,1,5,5,101,0,0,0,,0,4,DOOLITTLE DR,ISLAND DR,200,E,N,B,-,Y,ALA,4,61,-,-,18.48,H,-,S,Y,0,0,0,2,A,-,7,21658,A,N,B,C,A,A,H,-,A,A,0,,,,,Y,,D,22,0,0,0,0,0,0,0,0,0,-,-,,
8117725,2016,20160921,101,20160821,1444,12,416,7,5,5,101,0,0,0,,0,4,HOLLY ST,PARISH CT,12,E,N,A,-,N,,,,,,,,,,Y,4,0,1,2,A,-,9,21801,A,N,D,C,A,A,H,-,A,A,0,,,,,Y,,A,7,0,0,1,0,0,0,0,0,0,-,-,,
8117729,2016,20160908,101,20160820,1718,40,253,6,5,5,101,0,0,0,,0,2,INDEPENDENCE DR,ECLIPSE CT,75,E,N,A,-,N,,,,,,,,,,N,4,0,1,2,A,-,3,22350,,N,C,C,A,A,H,-,A,A,0,,,,,Y,,A,7,0,0,1,0,0,0,0,0,0,-,-,,
8117754,2016,20160909,101,20160818,520,50,407,4,5,5,101,0,0,0,,0,4,ROBERT DAVEY JR,ISLAND DR,0,,Y,A,-,N,,,,,,,,,,N,4,0,1,2,A,-,5,21202,A,N,D,G,A,A,H,-,C,A,0,,Y,,,Y,,L,4,0,0,1,0,0,0,1,0,0,-,-,,
8117807,2016,20161119,101,20160820,735,92,305,6,5,5,101,0,0,0,,0,3,WALNUT ST,LINCOLN AV,0,,Y,A,-,N,,,,,,,,,,Y,0,0,0,4,A,-,9,21802,A,N,D,D,A,A,H,-,A,A,0,,,,,Y,,A,7,0,0,0,0,0,0,0,0,0,-,-,,
8117811,2016,20160908,101,20160824,2046,45,142,3,5,5,101,0,0,0,,0,1,8TH ST,SANTA CLARA AV,0,,Y,A,-,N,,,,,,,,,,N,0,0,0,2,A,-,5,21752,D,N,B,C,A,A,H,-,C,A,0,,,Y,,Y,,A,1,0,0,0,0,0,0,0,0,0,-,-,,
8117815,2016,20160908,101,20160823,1433,95,250,2,5,5,101,0,0,0,,0,2,ATLANTIC AV,CONSTITUTION WY,0,,Y,A,-,N,,,,,,,,,,Y,0,0,0,1,A,-,8,22101,D,N,A,I,A,A,H,-,A,A,0,,,,,Y,,A,1,0,0,0,0,0,0,0,0,0,-,-,,
8117835,2016,20160908,101,20160820,2500,40,252,6,5,5,101,0,0,0,,0,2,ATLANTIC AV,CHALLENGER DR,245,E,N,A,-,N,,,,,,,,,,N,0,0,0,1,A,-,3,22350,,M,E,I,A,A,H,-,A,D,0,,,,,Y,,-,99,0,0,0,0,0,0,0,0,0,-,-,,
8117839,2016,20170218,101,20160820,1503,75,375,6,5,5,101,0,0,0,,0,3,RT 61,ISLAND DR,428,W,N,A,-,Y,ALA,4,61,-,-,18.6,H,-,S,N,0,0,0,2,A,-,3,22350,,N,C,C,A,A,H,-,A,D,0,,,,,Y,,A,1,0,0,0,0,0,0,0,0,0,-,-,,
8117853,2016,20160908,101,20160819,2500,21,305,5,5,5,101,0,0,0,,0,3,EAGLE AV,MULBERRY ST,114,W,N,A,-,N,,,,,,,,,,N,0,0,0,2,A,-,8,22107,,M,E,E,A,A,H,-,C,D,0,,,,,Y,,-,99,0,0,0,0,0,0,0,0,0,-,-,,
8118566,2016,20160915,101,20160826,1040,11,318,5,5,5,101,0,0,0,,0,3,OTIS DR,REGENT ST,0,,Y,A,-,N,,,,,,,,,,N,0,0,0,2,A,-,9,21801,A,N,D,C,A,A,H,-,A,D,0,,,,Y,Y,,F,26,0,0,0,0,0,0,0,0,0,-,-,,
8118570,2016,20160916,101,20160905,2021,41,305,1,5,5,101,0,0,0,,0,3,OAK ST,BUENA VISTA AV,0,,Y,A,-,N,,,,,,,,,,N,4,0,1,2,A,-,9,21801,A,N,A,C,A,A,H,-,C,A,0,,,Y,,Y,,D,22,0,0,1,0,0,0,0,0,1,-,-,,
8118574,2016,20160915,101,20160902,1523,95,243,5,5,5,101,0,0,0,,0,2,LINCOLN AV,GRAND ST,133,E,N,A,-,N,,,,,,,,,,N,0,0,0,3,A,-,8,22107,,N,B,C,A,A,H,-,A,D,0,,,,,Y,,A,7,0,0,0,0,0,0,0,0,0,-,-,,
8118758,2016,20160927,101,20160823,540,22,123,2,5,5,101,0,0,0,,0,1,RT 260,BUENA VISTA AV,0,,Y,A,-,N,,,,,,,,,,Y,3,0,1,2,A,-,9,21801,A,N,A,C,A,A,H,-,C,A,0,,,,,Y,,A,1,0,1,0,0,0,0,0,0,0,-,-,,
8118762,2016,20160914,101,20160827,2202,18,310,6,5,5,101,0,0,0,,0,3,SAN JOSE AV,OAK ST,34,W,N,A,-,N,,,,,,,,,,N,2,0,1,2,A,-,10,21950,A,N,G,B,B,A,H,-,C,A,0,Y,,,,Y,,A,1,1,0,0,0,1,0,0,0,0,-,-,,
8118766,2016,20170128,101,20160827,1446,87,105,6,5,5,101,0,0,0,,0,1,RT 260,N WILLIE STARGELL AV,2825,N,N,A,-,Y,ALA,4,260,-,R,1.38,H,-,N,N,4,0,1,2,A,-,3,22350,,N,C,C,A,A,H,-,A,D,0,,,,,Y,,A,7,0,0,1,0,0,0,0,0,0,-,-,,
8118770,2016,20160914,101,20160827,1123,30,331,6,5,5,101,0,0,0,,0,3,LINCOLN AV,PEARL ST,0,,Y,A,-,N,,,,,,,,,,N,4,0,1,2,A,-,9,21802,A,N,D,C,A,A,H,-,A,A,0,,,,,Y,,A,1,0,0,1,0,0,0,0,0,0,-,-,,
8118774,2016,20160914,101,20160824,815,21,327,3,5,5,101,0,0,0,,0,3,BLANDING AV,EVERETT ST,285,E,N,A,-,N,,,,,,,,,,N,3,0,1,1,A,-,8,22107,,N,E,I,A,A,H,-,A,D,0,,Y,,,Y,,L,4,0,1,0,0,0,0,1,0,0,-,-,,
8118808,2016,20160912,101,20160820,2500,87,318,6,5,5,101,0,0,0,,0,3,PARK AV,OTIS DR,741,N,N,A,-,N,,,,,,,,,,N,0,0,0,2,A,-,8,22107,,M,B,E,A,A,H,-,A,D,0,,,,,Y,,-,99,0,0,0,0,0,0,0,0,0,-,-,,
8118867,2016,20160912,101,20160827,108,17,305,6,5,5,101,0,0,0,,0,3,CLEMENT AV,OAK ST,0,,Y,A,-,N,,,,,,,,,,Y,0,0,0,2,A,-,12,22450,,N,D,C,A,A,H,-,C,A,0,,,,,Y,,A,7,0,0,0,0,0,0,0,0,0,-,-,,
8118913,2016,20160915,101,20160829,1521,41,245,1,5,5,101,0,0,0,,0,2,BUENA VISTA AV,SCHILLER ST,60,W,N,A,-,N,,,,,,,,,,N,4,0,1,2,A,-,17,22517,,N,B,G,A,A,H,-,A,D,0,,Y,,,Y,,D,22,0,0,1,0,0,0,1,0,0,-,-,,
8118933,2016,20160915,101,20160831,910,56,323,3,5,5,101,0,0,0,,0,3,PARK ST,BLANDING AV,450,N,N,A,-,N,,,,,,,,,,N,0,0,0,2,A,-,7,21658,A,N,C,C,A,A,H,-,A,D,0,,,,,Y,,D,22,0,0,0,0,0,0,0,0,0,-,-,,
8118937,2016,20160914,101,20160831,1516,95,305,3,5,5,101,0,0,0,,0,3,LINCOLN AV,WILLOW ST,0,,Y,A,-,N,,,,,,,,,,N,0,0,0,1,A,-,8,22107,,N,B,I,A,A,H,-,A,A,0,,,,,Y,,D,22,0,0,0,0,0,0,0,0,0,-,-,,
8119958,2016,20160915,101,20160830,1213,56,218,2,5,5,101,0,0,0,,0,2,SANTA CLARA AV,BAY ST,135,W,N,A,-,N,,,,,,,,,,N,0,0,0,2,A,-,21,22106,,N,H,E,A,A,H,-,A,D,0,,,,,Y,,A,1,0,0,0,0,0,0,0,0,0,-,-,,
8119962,2016,20160915,101,20160828,2250,37,414,7,5,5,101,0,0,0,,0,4,ISLAND DR,CATALINA DR,273,N,N,A,-,N,,,,,,,,,,Y,0,0,0,3,A,-,1,23152,,M,C,E,A,A,H,-,C,D,0,,,,,Y,Y,A,7,0,0,0,0,0,0,0,0,0,-,-,,
8119966,2016,20160915,101,20160831,1922,31,113,3,5,5,101,0,0,0,,0,1,MAIN ST,W MIDWAY AV,0,,Y,A,-,N,,,,,,,,,,Y,0,0,0,2,A,-,9,21801,A,N,D,C,A,A,H,-,A,A,0,,,,,Y,,A,1,0,0,0,0,0,0,0,0,0,-,-,,
8119970,2016,20161014,101,20160830,1951,49,112,2,5,5,101,0,0,0,,0,1,RT 260,ATLANTIC AV,0,,Y,A,-,N,,,,,,,,,,N,0,0,0,2,A,-,8,22107,,N,B,C,A,A,H,-,A,A,0,,,Y,,Y,,C,2,0,0,0,0,0,0,0,0,0,-,-,,
8119998,2016,20160915,101,20160830,1809,49,141,2,5,5,101,0,0,0,,0,1,CENTRAL AV,MCKAY AV,131,E,N,A,-,N,,,,,,,,,,N,0,0,0,2,A,-,3,22350,,M,C,C,A,A,H,-,A,A,0,,,,,Y,,A,1,0,0,0,0,0,0,0,0,0,-,-,,
8120031,2016,20160913,101,20160905,215,18,219,1,5,5,101,0,0,0,,0,2,PACIFIC AV,BAY ST,43,W,N,A,-,N,,,,,,,,,,Y,0,0,0,3,A,-,8,22107,,M,B,E,A,A,H,-,C,D,0,,,,,Y,,A,1,0,0,0,0,0,0,0,0,0,-,-,,