CASE_ID,ACCIDENT_YEAR,PROC_DATE,JURIS,COLLISION_DATE,COLLISION_TIME,OFFICER_ID,REPORTING_DISTRICT,DAY_OF_WEEK,CHP_SHIFT,POPULATION,CNTY_CITY_LOC,SPECIAL_COND,BEAT_TYPE,CHP_BEAT_TYPE,CITY_DIVISION_LAPD,CHP_BEAT_CLASS,BEAT_NUMBER,PRIMARY_RD,SECONDARY_RD,DISTANCE,DIRECTION,INTERSECTION,WEATHER_1,WEATHER_2,STATE_HWY_IND,CALTRANS_COUNTY,CALTRANS_DISTRICT,STATE_ROUTE,ROUTE_SUFFIX,POSTMILE_PREFIX,POSTMILE,LOCATION_TYPE,RAMP_INTERSECTION,SIDE_OF_HWY,TOW_AWAY,COLLISION_SEVERITY,NUMBER_KILLED,NUMBER_INJURED,PARTY_COUNT,PRIMARY_COLL_FACTOR,PCF_CODE_OF_VIOL,PCF_VIOL_CATEGORY,PCF_VIOLATION,PCF_VIOL_SUBSECTION,HIT_AND_RUN,TYPE_OF_COLLISION,MVIW,PED_ACTION,ROAD_SURFACE,ROAD_COND_1,ROAD_COND_2,LIGHTING,CONTROL_DEVICE,CHP_ROAD_TYPE,PEDESTRIAN_ACCIDENT,BICYCLE_ACCIDENT,MOTORCYCLE_ACCIDENT,TRUCK_ACCIDENT,NOT_PRIVATE_PROPERTY,ALCOHOL_INVOLVED,STWD_VEHTYPE_AT_FAULT,CHP_VEHTYPE_AT_FAULT,COUNT_SEVERE_INJ,COUNT_VISIBLE_INJ,COUNT_COMPLAINT_PAIN,COUNT_PED_KILLED,COUNT_PED_INJURED,COUNT_BICYCLIST_KILLED,COUNT_BICYCLIST_INJURED,COUNT_MC_KILLED,COUNT_MC_INJURED,PRIMARY_RAMP,SECONDARY_RAMP,LATITUDE,LONGITUDE
8325332,2017,20170322,101,20170307,2500,93,213,2,5,5,101,0,0,0,,0,2,8TH ST,PACIFIC AV,145,S,N,B,-,N,,,,,,,,,,N,0,0,0,2,A,-,3,22350,,M,B,E,A,A,H,-,A,D,0,,,,,Y,,B,1,0,0,0,0,0,0,0,0,0,-,-,,
8325336,2017,20170322,101,20170306,1605,10,316,1,5,5,101,0,0,0,,0,3,BROADWAY,BAYVIEW DR,68,S,N,A,-,N,,,,,,,,,,N,0,0,0,2,A,-,8,22107,,N,D,C,A,A,H,-,A,D,0,,,,,Y,,A,8,0,0,0,0,0,0,0,0,0,-,-,,
8325340,2017,20170322,101,20170306,2500,89,310,1,5,5,101,0,0,0,,0,3,LAUREL ST,CLINTON AV,330,S,N,F,-,N,,,,,,,,,,N,0,0,0,2,A,-,8,22107,,M,B,E,A,B,H,-,C,D,0,,,,,Y,,-,99,0,0,0,0,0,0,0,0,0,-,-,,
8325344,2017,20170322,101,20170306,901,89,327,1,5,5,101,0,0,0,,0,3,TILDEN WY,FERNSIDE BL,0,,Y,A,-,N,,,,,,,,,,Y,0,0,0,2,A,-,12,21453,A,N,D,C,A,A,H,-,A,A,0,,,,,Y,,A,1,0,0,0,0,0,0,0,0,0,-,-,,
8325363,2017,20170727,101,20170307,804,56,105,2,5,5,101,0,0,0,,0,1,STARGELL AV,RT 260,75,W,N,A,-,N,,,,,,,,,,Y,4,0,1,2,A,-,3,22350,,N,C,C,A,A,H,-,A,A,0,,,,,Y,,A,7,0,0,1,0,0,0,0,0,0,-,-,,
8325367,2017,20170321,101,20170301,1420,56,425,3,5,5,101,0,0,0,,0,4,HARBOR BAY PKWY,C ST,1180,E,N,A,-,N,,,,,,,,,,N,3,0,1,2,A,-,8,22107,,N,H,G,A,A,H,-,A,D,0,,Y,,,Y,,L,4,0,1,0,0,0,0,1,0,0,-,-,,
8325371,2017,20180102,101,20170304,1320,89,326,6,5,5,101,0,0,0,,0,3,RT 61,PARK ST,0,,Y,B,-,Y,ALA,4,61,-,-,20,I,5,N,N,4,0,1,2,A,-,11,21950,B,F,G,B,B,A,H,-,A,A,0,Y,,,,Y,,N,60,0,0,1,0,1,0,0,0,0,-,-,,
8325407,2017,20170321,101,20170307,1443,56,235,2,5,5,101,0,0,0,,0,2,SHORELINE DR,WILLOW ST,496,W,N,A,-,N,,,,,,,,,,Y,3,0,1,2,A,-,11,21954,A,N,G,B,E,A,H,-,A,D,0,Y,,,,Y,,N,60,0,1,0,0,1,0,0,0,0,-,-,,
8325411,2017,20170324,101,20170304,1959,49,142,6,5,5,101,0,0,0,,0,1,8TH ST,TAYLOR AV,0,,Y,C,-,N,,,,,,,,,,N,4,0,1,2,A,-,10,21950,,N,G,B,B,B,H,-,C,A,0,Y,,,,Y,,A,7,0,0,1,0,1,0,0,0,0,-,-,,
8325415,2017,20170321,101,20170305,1758,85,326,7,5,5,101,0,0,0,,0,3,OAK ST,ALAMEDA AV,38,N,N,A,-,N,,,,,,,,,,N,4,0,1,2,A,-,11,21954,A,N,G,B,D,A,H,-,A,D,0,Y,,,,Y,,N,60,0,0,1,0,1,0,0,0,0,-,-,,
8325419,2017,20170321,101,20170304,806,17,310,6,5,5,101,0,0,0,,0,3,PARK ST,CLINTON AV,0,,Y,A,-,N,,,,,,,,,,Y,4,0,1,2,A,-,9,21802,A,N,D,C,A,A,H,-,A,A,0,,,,,Y,,A,1,0,0,1,0,0,0,0,0,0,-,-,,
8325477,2017,20170628,101,20170301,1748,95,334,3,5,5,101,0,0,0,,0,3,RT 61,MOUND ST,0,,Y,A,-,Y,ALA,4,61,-,-,19.24,I,5,S,N,0,0,0,3,A,-,9,21802,A,N,D,C,A,A,H,-,B,A,0,,,,,Y,,A,7,0,0,0,0,0,0,0,0,0,-,-,,
8325592,2017,20170324,101,20170304,2202,79,326,6,5,5,101,0,0,0,,0,3,SANTA CLARA AV,PARK AV,7,W,N,C,-,N,,,,,,,,,,N,3,0,1,2,A,-,10,21950,C,F,G,B,C,B,H,-,C,D,0,Y,,,,Y,Y,D,22,0,1,0,0,1,0,0,0,0,-,-,,
8327657,2017,20170417,101,20170328,1350,95,243,2,5,5,101,0,0,0,,0,2,SANTA CLARA AV,CHESTNUT ST,0,,Y,A,-,N,,,,,,,,,,N,0,0,0,2,A,-,3,22350,,N,C,C,A,A,H,-,A,A,0,,,,,Y,,A,1,0,0,0,0,0,0,0,0,0,-,-,,
8328521,2017,20170330,101,20170313,1425,49,143,1,5,5,101,0,0,0,,0,1,8TH ST,LINCOLN AV,51,S,N,A,-,N,,,,,,,,,,N,0,0,0,2,A,-,3,22350,,N,C,C,A,A,H,-,A,A,0,,,,,Y,,A,1,0,0,0,0,0,0,0,0,0,-,-,,
8328525,2017,20170328,101,20170314,840,12,218,2,5,5,101,0,0,0,,0,2,SHERMAN ST,SANTA CLARA AV,15,S,N,A,-,N,,,,,,,,,,N,0,0,0,2,A,-,8,22107,,M,B,E,A,A,H,-,A,A,0,,,,,Y,,D,22,0,0,0,0,0,0,0,0,0,-,-,,
8329733,2017,20170329,101,20170315,1504,56,423,3,5,5,101,0,0,0,,0,4,KOFMAN PKWY,WATERFORD PL,190,N,N,A,-,N,,,,,,,,,,N,0,0,0,1,A,-,8,22107,,N,E,I,A,A,H,-,A,D,0,,,,,Y,,A,1,0,0,0,0,0,0,0,0,0,-,-,,
8329737,2017,20170330,101,20170314,1600,42,342,2,5,5,101,0,0,0,,0,3,HIGH ST,CENTRAL AV,15,N,N,A,-,N,,,,,,,,,,N,0,0,0,2,A,-,8,22107,,M,B,E,A,A,H,-,A,A,0,,,,,Y,,-,99,0,0,0,0,0,0,0,0,0,-,-,,
8329739,2017,20170329,101,20170321,2004,72,222,2,5,5,101,0,0,0,,0,2,LINCOLN AV,PARU ST,182,E,N,C,-,N,,,,,,,,,,Y,0,0,0,2,A,-,8,22107,,N,B,E,A,B,H,-,C,D,0,,,,,Y,,A,1,0,0,0,0,0,0,0,0,0,-,-,,
8329741,2017,20170407,101,20170309,2500,68,,4,5,5,101,0,0,0,,0,1,SANTA CLARA AV,6TH ST,105,E,N,A,-,N,,,,,,,,,,N,0,0,0,3,A,-,1,23152,A,M,C,E,A,A,H,-,A,D,0,,,,,Y,Y,A,1,0,0,0,0,0,0,0,0,0,-,-,,
8329743,2017,20170329,101,20170321,233,22,502,2,5,5,101,0,0,0,,0,5,PACIFIC AV,SKYHAWK ST,201,W,N,C,-,N,,,,,,,,,,Y,0,0,0,1,A,-,1,23152,A,N,E,I,A,B,H,-,D,D,0,,,,,Y,Y,A,1,0,0,0,0,0,0,0,0,0,-,-,,
8329781,2017,20170329,101,20170318,1319,21,235,6,5,5,101,0,0,0,,0,2,SHORELINE DR,WILLOW ST,530,W,N,A,-,N,,,,,,,,,,N,3,0,2,2,A,-,11,21954,A,N,G,B,D,A,H,-,A,D,0,Y,Y,,,Y,,N,60,0,2,0,0,1,0,1,0,0,-,-,,
8329799,2017,20170404,101,20170321,2221,22,144,2,5,5,101,0,0,0,,0,1,HAIGHT AV,WEBSTER ST,94,W,N,C,-,N,,,,,,,,,,N,0,0,0,2,A,-,8,22107,,M,B,E,A,B,H,-,C,D,0,,,,,Y,,D,22,0,0,0,0,0,0,0,0,0,-,-,,
8329803,2017,20170404,101,20170318,1351,46,115,6,5,5,101,0,0,0,,0,1,CYPRESS ST,MAIN ST,182,E,N,A,-,N,,,,,,,,,,Y,0,0,0,3,A,-,8,22107,,M,B,E,A,A,H,-,A,D,0,,,,,Y,,A,1,0,0,0,0,0,0,0,0,0,-,-,,
8330885,2017,20170405,101,20170322,201,87,142,3,5,5,101,0,0,0,,0,1,8TH ST,HAIGHT AV,37,N,N,C,-,N,,,,,,,,,,Y,0,0,0,4,A,-,8,22107,,N,C,C,A,B,H,-,C,D,0,,,,,Y,,A,7,0,0,0,0,0,0,0,0,0,-,-,,
8330929,2017,20170406,101,20170301,1645,10,326,3,5,5,101,0,0,0,,0,3,OAK ST,LINCOLN AV,2,S,N,A,-,N,,,,,,,,,,N,0,0,0,2,A,-,5,21650,1,M,D,G,A,A,H,-,A,A,0,,Y,,,Y,,-,99,0,0,0,0,0,0,0,0,0,-,-,,
8332212,2017,20170804,101,20170302,1530,55,426,4,5,5,101,0,0,0,,0,4,ISLAND DR,DOOLITTLE DR,5,S,N,A,-,Y,ALA,4,61,-,-,18.51,H,-,N,N,3,0,2,3,A,-,8,22107,,N,B,C,A,A,H,-,A,A,0,,,Y,,Y,,D,22,0,1,1,0,0,0,0,0,2,-,-,,
8332216,2017,20170327,101,20170309,226,42,124,4,5,5,101,0,0,0,,0,2,LINCOLN AV,MASTICK CT,14,E,N,A,-,N,,,,,,,,,,Y,3,0,1,3,A,-,1,23152,A,N,B,E,A,A,H,-,C,D,0,,,,,Y,Y,A,1,0,1,0,0,0,0,0,0,0,-,-,,
8332243,2017,20170407,101,20170309,2500,52,124,4,5,5,101,0,0,0,,0,1,SANTA CLARA AV,WEBSTER ST,345,W,N,A,-,N,,,,,,,,,,N,0,0,0,2,A,-,1,23152,A,M,B,E,A,A,H,-,C,D,0,,,,,Y,Y,A,1,0,0,0,0,0,0,0,0,0,-,-,,
8332255,2017,20170327,101,20170308,230,51,318,3,5,5,101,0,0,0,,0,3,CLAY ST,REGENT ST,12,E,N,A,-,N,,,,,,,,,,N,0,0,0,2,A,-,21,22106,,N,H,E,A,A,H,-,C,D,0,,,,,Y,,A,1,0,0,0,0,0,0,0,0,0,-,-,,
8332368,2017,20170328,101,20170309,854,93,222,4,5,5,101,0,0,0,,0,2,SANTA CLARA AV,STANTON ST,0,,Y,B,-,N,,,,,,,,,,N,3,0,1,2,A,-,9,21804,A,F,B,G,A,A,H,-,A,D,0,,Y,,,Y,Y,L,4,0,1,0,0,0,0,1,0,0,-,-,,
8332816,2017,20170329,101,20170310,1305,56,222,5,5,5,101,0,0,0,,0,2,ALAMEDA AV,PARU ST,0,,Y,A,-,N,,,,,,,,,,N,4,0,1,2,A,-,12,22450,,N,H,G,A,A,H,-,A,A,0,,Y,,,Y,,L,4,0,0,1,0,0,0,1,0,0,-,-,,
8333703,2017,20170330,101,20170314,952,95,213,2,5,5,101,0,0,0,,0,2,BUENA VISTA AV,CONSTITUTION WY,0,,Y,A,-,N,,,,,,,,,,Y,0,0,0,2,A,-,12,21453,A,N,D,C,A,A,H,-,A,A,0,,,,,Y,,A,7,0,0,0,0,0,0,0,0,0,-,-,,
8333707,2017,20170330,101,20170312,2314,87,243,7,5,5,101,0,0,0,,0,2,CENTRAL AV,LAFAYETTE ST,0,,Y,A,-,N,,,,,,,,,,N,0,0,0,2,A,-,3,22350,,N,C,C,A,A,H,-,C,D,0,,,,,Y,,A,1,0,0,0,0,0,0,0,0,0,-,-,,
8333711,2017,20170330,101,20170313,1523,520,219,1,5,5,101,0,0,0,,0,2,LINCOLN AV,SHERMAN ST,0,,Y,A,-,N,,,,,,,,,,N,0,0,0,2,A,-,6,21750,A,M,B,C,A,A,H,-,A,A,0,,,,,Y,,A,1,0,0,0,0,0,0,0,0,0,-,-,,
8333715,2017,20170330,101,20170312,2500,30,123,7,5,5,101,0,0,0,,0,1,BUENA VISTA AV,WEBSTER ST,159,W,N,A,-,N,,,,,,,,,,Y,0,0,0,3,A,-,1,23152,A,M,B,E,A,A,H,-,A,D,0,,,,,Y,Y,A,1,0,0,0,0,0,0,0,0,0,-,-,,
8333719,2017,20170330,101,20170312,1746,18,124,7,5,5,101,0,0,0,,0,1,BUENA VISTA AV,BRUZZONE DR,97,E,N,A,-,N,,,,,,,,,,Y,0,0,0,2,A,-,1,23152,A,N,C,E,A,A,H,-,A,D,0,,,,,Y,Y,A,1,0,0,0,0,0,0,0,0,0,-,-,,
8333764,2017,20170328,101,20170314,1451,46,341,2,5,5,101,0,0,0,,0,3,SAN JOSE AV,PEACH ST,63,E,N,A,-,N,,,,,,,,,,N,0,0,0,2,A,-,8,22107,,N,B,E,A,A,H,-,A,D,0,,,,,Y,,A,8,0,0,0,0,0,0,0,0,0,-,-,,
8333768,2017,20170328,101,20170314,1806,10,305,2,5,5,101,0,0,0,,0,3,CLEMENT AV,ELM ST,45,W,N,A,-,N,,,,,,,,,,N,0,0,0,2,A,-,8,22107,,N,B,E,A,A,H,-,A,D,0,,,,,Y,,A,7,0,0,0,0,0,0,0,0,0,-,-,,
8333839,2017,20170330,101,20170311,2500,30,326,6,5,5,101,0,0,0,,0,3,OAK ST,N ALAMEDA AV,175,N,N,A,-,N,,,,,,,,,,N,0,0,0,2,A,-,8,22107,,M,B,E,A,A,H,-,C,D,0,,,,,Y,,-,99,0,0,0,0,0,0,0,0,0,-,-,,
8335040,2017,20170412,101,20170320,1437,45,213,1,5,5,101,0,0,0,,0,3,EAGLE AV,CHAPIN ST,98,E,N,B,-,N,,,,,,,,,,N,0,0,0,2,A,-,21,22106,,N,C,E,A,A,H,-,A,D,0,,,,,Y,,J,48,0,0,0,0,0,0,0,0,0,-,-,,
8336044,2017,20180324,101,20170402,1545,46,106,7,5,5,101,0,0,0,,0,1,RT 260,WILLIE STARGELL AV,100,S,N,A,-,Y,ALA,4,61,-,R,0.74,H,-,N,N,0,0,0,2,A,-,8,22107,,M,B,C,A,A,H,-,A,D,0,,,,,Y,,A,1,0,0,0,0,0,0,0,0,0,-,-,,
8336048,2017,20180324,101,20170419,1210,56,126,3,5,5,101,0,0,0,,0,1,WEBSTER ST,EAGLE AV,117,S,N,A,-,Y,ALA,4,61,-,R,0.64,H,-,N,N,0,0,0,2,A,-,8,22107,,N,B,C,A,A,H,-,A,D,0,,,,,Y,,A,8,0,0,0,0,0,0,0,0,0,-,-,,
8337353,2017,20170404,101,20170322,1533,S10,423,3,5,5,101,0,0,0,,0,4,AUGHINBAUGH WY,BAYWALK RD,270,N,N,A,-,N,,,,,,,,,,Y,4,0,1,2,A,-,3,22350,A,N,C,C,A,A,H,-,A,D,0,,,,,Y,,A,8,0,0,1,0,0,0,0,0,0,-,-,,
8337357,2017,20170404,101,20170322,1928,45,235,3,5,5,101,0,0,0,,0,2,SHORELINE DR,KITTY HAWK RD,10,E,N,A,-,N,,,,,,,,,,N,4,0,1,2,A,-,10,21950,A,F,G,B,B,A,H,-,C,D,0,Y,,,,Y,,-,99,0,0,1,0,1,0,0,0,0,-,-,,
8337547,2017,20170412,101,20170403,725,12,245,1,5,5,101,0,0,0,,0,2,BUENA VISTA AV,UNION ST,0,,Y,A,-,N,,,,,,,,,,N,0,0,0,2,A,-,9,21802,A,N,D,C,A,A,H,-,A,A,0,,,,,Y,,A,1,0,0,0,0,0,0,0,0,0,-,-,,
8337555,2017,20170410,101,20170328,704,56,305,2,5,5,101,0,0,0,,0,3,LINCOLN AV,WALNUT ST,0,,Y,A,-,N,,,,,,,,,,Y,0,0,0,3,A,-,9,21802,A,N,D,C,A,A,H,-,A,A,0,,,,,Y,,A,7,0,0,0,0,0,0,0,0,0,-,-,,
8337559,2017,20170410,101,20170323,1501,75,214,4,5,5,101,0,0,0,,0,2,SANTA CLARA AV,CAROLINE ST,15,E,N,A,-,N,,,,,,,,,,N,0,0,0,2,A,-,21,22106,,N,B,-,A,-,H,-,A,D,0,,,,,Y,,A,1,0,0,0,0,0,0,0,0,0,-,-,,
8338212,2017,20170403,101,20170321,1547,95,309,2,5,5,101,0,0,0,,0,3,CENTRAL AV,WALNUT ST,260,W,N,B,-,N,,,,,,,,,,N,0,0,0,2,A,-,17,22517,,N,A,G,A,A,H,-,A,D,0,,Y,,,Y,,A,1,0,0,0,0,0,0,0,0,0,-,-,,
8339050,2017,20170720,101,20170319,510,22,147,7,5,5,101,0,0,0,,0,1,RT 260,WEBSTER TUBE EXIT,135,N,N,A,-,Y,ALA,4,260,-,R,1.89,H,-,S,Y,0,0,0,1,A,-,8,22107,,N,E,I,A,A,H,-,C,D,0,,,,,Y,,A,1,0,0,0,0,0,0,0,0,0,-,-,,
8339054,2017,20170720,101,20170317,2245,31,147,5,5,5,101,0,0,0,,0,1,RT 260,WEBSTER TUBE,0,,Y,A,-,Y,ALA,4,260,-,R,1.201,H,-,S,Y,0,0,0,2,A,-,1,23152,A,M,B,C,A,A,H,-,C,D,0,,,,,Y,Y,A,7,0,0,0,0,0,0,0,0,0,-,-,,
8339126,2017,20170804,101,20170308,2007,31,137,3,5,5,101,0,0,0,,0,1,RT 61,CENTRAL AV,0,,Y,A,-,Y,ALA,4,61,-,-,21.966,I,5,S,N,3,0,1,2,A,-,10,21950,A,N,G,B,B,A,H,-,C,A,0,Y,,,,Y,,A,1,0,1,0,0,1,0,0,0,0,-,-,,
8339134,2017,20170728,101,20170228,1242,56,339,2,5,5,101,0,0,0,,0,3,RT 61,COURT ST,0,,Y,A,-,Y,ALA,4,61,-,-,19.19,I,5,N,N,3,0,1,1,A,-,3,22350,,N,H,J,A,A,H,-,A,D,0,,,Y,,Y,,C,2,0,1,0,0,0,0,0,0,1,-,-,,
8339245,2017,20170622,101,20170322,1506,95,318,3,5,5,101,0,0,0,,0,3,RT 61,REGENT ST,0,,Y,A,-,Y,ALA,4,61,-,-,19.94,H,-,N,N,3,0,1,2,A,-,10,21950,A,N,G,B,D,A,H,-,A,D,0,Y,,,,Y,,A,1,0,1,0,0,1,0,0,0,0,-,-,,
8339290,2017,20170627,101,20170328,1206,95,137,2,5,5,101,0,0,0,,0,1,RT 260,CENTRAL AV,125,N,N,A,-,N,,,,,,,,,,N,0,0,0,2,A,-,8,22107,,N,B,C,A,A,H,-,A,D,0,,,,,Y,,A,8,0,0,0,0,0,0,0,0,0,-,-,,
8342455,2017,20180222,101,20170314,1658,61,123,2,5,5,101,0,0,0,,0,1,RT 61,BUENA VISTA AV,56,N,N,A,-,Y,ALA,4,61,-,R,0.64,H,-,S,N,0,0,0,2,A,-,21,22106,,M,D,C,A,A,H,-,A,D,0,,,,,Y,,A,1,0,0,0,0,0,0,0,0,0,-,-,,
8342810,2017,20170411,101,20170323,551,17,318,4,5,5,101,0,0,0,,0,3,PARK AV,OTIS DR,281,N,N,A,-,N,,,,,,,,,,N,0,0,0,3,A,-,8,22107,,M,B,E,A,A,H,-,C,D,0,,,,,Y,,A,1,0,0,0,0,0,0,0,0,0,-,-,,
8342823,2017,20170411,101,20170324,1820,61,305,5,5,5,101,0,0,0,,0,3,PARK ST,BUENA VISTA AV,63,N,N,B,-,N,,,,,,,,,,N,0,0,0,2,A,-,8,22107,,M,B,C,A,A,H,-,A,D,0,,,,,Y,,A,1,0,0,0,0,0,0,0,0,0,-,-,,
8342827,2017,20170411,101,20170326,1459,21,306,7,5,5,101,0,0,0,,0,3,CENTRAL AV,OAK ST,320,W,N,A,-,N,,,,,,,,,,N,0,0,0,2,A,-,3,22350,,N,C,C,A,A,H,-,A,D,0,,,,,Y,,A,1,0,0,0,0,0,0,0,0,0,-,-,,
8342831,2017,20170411,101,20170324,825,95,331,5,5,5,101,0,0,0,,0,3,YOSEMITE AV,MORELAND DR,0,,Y,C,-,N,,,,,,,,,,Y,0,0,0,3,A,-,9,21800,B,N,D,C,A,B,H,-,A,D,0,,,,,Y,,A,1,0,0,0,0,0,0,0,0,0,-,-,,
8342841,2017,20170411,101,20170329,1915,96,420,3,5,5,101,0,0,0,,0,4,MECARTNEY RD,BEGONIA DR,10,W,N,A,-,N,,,,,,,,,,N,0,0,0,2,A,-,9,21802,A,N,D,C,A,A,H,-,A,D,0,,,,,Y,,A,1,0,0,0,0,0,0,0,0,0,-,-,,
8342844,2017,20170411,101,20170327,505,61,324,1,5,5,101,0,0,0,,0,3,TILDEN WY,BLANDING AV,296,N,N,A,-,N,,,,,,,,,,Y,0,0,0,1,A,-,8,22107,,N,E,I,A,A,H,-,C,D,0,,,,,Y,,A,1,0,0,0,0,0,0,0,0,0,-,-,,
8342845,2017,20170411,101,20170330,1452,46,143,4,5,5,101,0,0,0,,0,1,LINCOLN AV,CONCORDIA ST,60,E,N,A,-,N,,,,,,,,,,N,4,0,1,2,A,-,3,22350,,N,C,C,A,A,H,-,A,D,0,,,,,Y,,A,7,0,0,1,0,0,0,0,0,0,-,-,,
8342849,2017,20170411,101,20170327,855,89,105,1,5,5,101,0,0,0,,0,1,MARINER SQUARE LOOP,MARINA VILLAGE PKWY,8,S,N,A,-,N,,,,,,,,,,N,0,0,0,2,A,-,3,22350,,N,C,C,A,A,H,-,A,A,0,,,,,Y,,A,1,0,0,0,0,0,0,0,0,0,-,-,,
8342853,2017,20170411,101,20170327,2500,58,235,1,5,5,101,0,0,0,,0,2,KITTY HAWK RD,FRANCISCAN WY,15,S,N,A,-,N,,,,,,,,,,N,0,0,0,2,A,-,8,22107,,M,B,E,A,A,H,-,A,D,0,,,,,Y,Y,-,99,0,0,0,0,0,0,0,0,0,-,-,,
8342857,2017,20170411,101,20170327,1225,40,331,1,5,5,101,0,0,0,,0,3,BROADWAY,BUENA VISTA AV,300,N,N,A,-,N,,,,,,,,,,N,0,0,0,2,A,-,3,22350,,N,C,C,A,A,H,-,A,A,0,,,,,Y,,A,1,0,0,0,0,0,0,0,0,0,-,-,,
8342858,2017,20170411,101,20170331,956,95,326,5,5,5,101,0,0,0,,0,3,PARK ST,SANTA CLARA AV,133,S,N,A,-,N,,,,,,,,,,N,0,0,0,4,A,-,7,21658,A,N,B,C,A,A,H,-,A,D,0,,,,,Y,,A,1,0,0,0,0,0,0,0,0,0,-,-,,
8342910,2017,20170411,101,20170323,1142,55,306,4,5,5,101,0,0,0,,0,3,CENTRAL AV,WALNUT AV,550,E,N,A,-,N,,,,,,,,,,N,0,0,0,2,A,-,8,22107,,M,B,E,A,A,H,-,A,A,0,,,,,Y,,-,99,0,0,0,0,0,0,0,0,0,-,-,,
8343566,2017,20170412,101,20170324,452,23,252,5,5,5,101,0,0,0,,0,2,ATLANTIC AV,TRIUMPH DR,255,E,N,C,-,N,,,,,,,,,,Y,4,0,1,1,A,-,8,22107,,N,E,I,A,B,H,-,C,D,0,,,,,Y,,A,1,0,0,1,0,0,0,0,0,0,-,-,,
8343574,2017,20170412,101,20170325,1048,89,346,6,5,5,101,0,0,0,,0,3,SHORELINE DR,BROADWAY,262,W,N,A,-,N,,,,,,,,,,N,4,0,1,2,A,-,9,21804,A,N,D,C,A,A,H,-,A,D,0,,,,,Y,,A,1,0,0,1,0,0,0,0,0,0,-,-,,
8344169,2017,20170420,101,20170404,1302,95,402,2,5,5,101,0,0,0,,0,4,CLUBHOUSE MEMORIAL,ISLAND DR,0,,Y,A,-,N,,,,,,,,,,Y,4,0,2,2,A,-,9,21802,A,N,D,C,A,A,H,-,A,A,0,,,,,Y,,D,22,0,0,2,0,0,0,0,0,0,-,-,,
8344173,2017,20170419,101,20170407,2025,31,230,5,5,5,101,0,0,0,,0,2,WILLOW ST,N OTIS DR,256,N,N,C,-,N,,,,,,,,,,N,0,0,0,2,A,-,8,22107,,M,B,E,A,B,H,-,C,D,0,,,,,Y,,D,22,0,0,0,0,0,0,0,0,0,-,-,,
8344177,2017,20180413,101,20170408,1600,50,105,6,5,5,101,0,0,0,,0,1,RT 61,ENTRANCE TO POSEY TUBE,382,S,N,A,-,Y,ALA,4,61,-,R,0.96,H,-,N,Y,4,0,2,2,A,-,8,22107,,N,B,C,A,A,H,-,A,D,0,,,,,Y,,A,1,0,0,2,0,0,0,0,0,0,-,-,,
8344181,2017,20170419,101,20170409,237,18,232,7,5,5,101,0,0,0,,0,2,WESTLINE DR,SHORELINE DR,225,N,N,A,-,N,,,,,,,,,,Y,0,0,0,4,A,-,1,23152,A,N,B,E,A,A,H,-,C,D,0,,,,,Y,Y,A,1,0,0,0,0,0,0,0,0,0,-,-,,
8344395,2017,20170419,101,20170406,2015,37,306,4,5,5,101,0,0,0,,0,3,CENTRAL AV,OAK ST,0,,Y,C,G,N,,,,,,,,,,N,3,0,1,2,A,-,10,21950,A,N,G,B,B,B,H,-,C,A,0,Y,,,,Y,,A,1,0,1,0,0,1,0,0,0,0,-,-,,
8344643,2017,20170420,101,20170405,1551,32,507,3,5,5,101,0,0,0,,0,5,BARBERS POINT RD,W MIDWAY AV,31,N,N,A,-,N,,,,,,,,,,Y,0,0,0,1,A,-,1,23152,A,M,E,I,A,A,H,-,A,D,0,,,,,Y,Y,A,1,0,0,0,0,0,0,0,0,0,-,-,,
8344647,2017,20170420,101,20170408,1730,520,327,6,5,5,101,0,0,0,,0,3,BLANDING AV,BROADWAY,0,,Y,A,-,N,,,,,,,,,,Y,0,0,0,2,A,-,12,22450,A,N,D,C,A,A,H,-,A,A,0,,,,,Y,,A,1,0,0,0,0,0,0,0,0,0,-,-,,
8344670,2017,20170418,101,20170324,2031,30,245,5,5,5,101,0,0,0,,0,2,WILLOW ST,PACIFIC AV,0,,Y,A,-,N,,,,,,,,,,Y,0,0,0,5,A,-,12,22450,A,M,D,C,A,A,H,-,C,A,0,,,,,Y,,A,1,0,0,0,0,0,0,0,0,0,-,-,,
8348876,2017,20180510,101,20170423,1546,50,141,7,5,5,101,0,0,0,,0,1,RT 61,SANTA CLARA AV,0,,Y,A,-,N,,,,,,,,,,N,0,0,0,2,A,-,10,21950,A,N,B,B,B,A,H,-,A,A,0,Y,,,,Y,,A,1,0,0,0,0,0,0,0,0,0,-,-,,
8351274,2017,20170504,101,20170417,1114,45,128,1,5,5,101,0,0,0,,0,1,SANTA CLARA AV,4TH ST,311,E,N,B,-,N,,,,,,,,,,N,0,0,0,2,A,-,8,22107,,M,B,E,A,A,H,-,A,D,0,,,,,Y,,-,99,0,0,0,0,0,0,0,0,0,-,-,,
8351278,2017,20170504,101,20170415,356,79,343,6,5,5,101,0,0,0,,0,3,FERNSIDE BL,MONTE VISTA AV,90,N,N,A,-,N,,,,,,,,,,N,0,0,0,2,A,-,8,22107,,N,B,E,A,A,H,-,C,D,0,,,,,Y,,-,- ,0,0,0,0,0,0,0,0,0,-,-,,
8351381,2017,20170504,101,20170415,15,11,137,6,5,5,101,0,0,0,,0,7,CENTRAL AV,MCKAY AV,14,W,N,A,-,N,,,,,,,,,,N,0,0,0,2,A,-,17,22517,,M,B,E,A,A,H,-,C,D,0,,,,,Y,,A,1,0,0,0,0,0,0,0,0,0,-,-,,