CASE_ID,ACCIDENT_YEAR,PROC_DATE,JURIS,COLLISION_DATE,COLLISION_TIME,OFFICER_ID,REPORTING_DISTRICT,DAY_OF_WEEK,CHP_SHIFT,POPULATION,CNTY_CITY_LOC,SPECIAL_COND,BEAT_TYPE,CHP_BEAT_TYPE,CITY_DIVISION_LAPD,CHP_BEAT_CLASS,BEAT_NUMBER,PRIMARY_RD,SECONDARY_RD,DISTANCE,DIRECTION,INTERSECTION,WEATHER_1,WEATHER_2,STATE_HWY_IND,CALTRANS_COUNTY,CALTRANS_DISTRICT,STATE_ROUTE,ROUTE_SUFFIX,POSTMILE_PREFIX,POSTMILE,LOCATION_TYPE,RAMP_INTERSECTION,SIDE_OF_HWY,TOW_AWAY,COLLISION_SEVERITY,NUMBER_KILLED,NUMBER_INJURED,PARTY_COUNT,PRIMARY_COLL_FACTOR,PCF_CODE_OF_VIOL,PCF_VIOL_CATEGORY,PCF_VIOLATION,PCF_VIOL_SUBSECTION,HIT_AND_RUN,TYPE_OF_COLLISION,MVIW,PED_ACTION,ROAD_SURFACE,ROAD_COND_1,ROAD_COND_2,LIGHTING,CONTROL_DEVICE,CHP_ROAD_TYPE,PEDESTRIAN_ACCIDENT,BICYCLE_ACCIDENT,MOTORCYCLE_ACCIDENT,TRUCK_ACCIDENT,NOT_PRIVATE_PROPERTY,ALCOHOL_INVOLVED,STWD_VEHTYPE_AT_FAULT,CHP_VEHTYPE_AT_FAULT,COUNT_SEVERE_INJ,COUNT_VISIBLE_INJ,COUNT_COMPLAINT_PAIN,COUNT_PED_KILLED,COUNT_PED_INJURED,COUNT_BICYCLIST_KILLED,COUNT_BICYCLIST_INJURED,COUNT_MC_KILLED,COUNT_MC_INJURED,PRIMARY_RAMP,SECONDARY_RAMP,LATITUDE,LONGITUDE
8468945,2017,20180518,101,20170925,2213,42,321,1,5,5,101,0,0,0,,0,3,RT 61,ENCINAL AV,0,,Y,A,-,Y,ALA,4,61,-,-,19.84,I,5,N,Y,3,0,2,2,A,-,9,21801,A,N,D,C,A,A,H,-,C,A,0,,,,,Y,,A,1,0,1,1,0,0,0,0,0,0,-,-,,
8468949,2017,20180518,101,20170926,1733,85,222,2,5,5,101,0,0,0,,0,2,RT 61,SHERMAN ST,47,W,N,A,-,Y,ALA,4,61,-,-,21.28,H,-,S,Y,2,0,1,1,A,-,1,23152,A,N,E,I,A,A,H,-,A,D,0,,,Y,,Y,Y,C,2,1,0,0,0,0,0,0,0,1,-,-,,
8469150,2017,20180515,101,20170920,830,95,137,3,5,5,101,0,0,0,,0,1,RT 260,CENTRAL AV,0,,Y,B,-,Y,ALA,4,61,-,-,21.967,I,6,N,N,0,0,0,2,A,-,3,22350,,N,C,C,A,A,H,-,A,A,0,,,,,Y,,A,1,0,0,0,0,0,0,0,0,0,-,-,,
8469158,2017,20180515,101,20170926,1630,10,147,2,5,5,101,0,0,0,,0,1,RT 260,WILLIE STARGELL AV,1800,N,N,A,-,Y,ALA,4,260,-,R,1.21,H,-,S,N,0,0,0,2,A,-,3,22350,,N,B,C,A,A,H,-,A,D,0,,,,,Y,,A,1,0,0,0,0,0,0,0,0,0,-,-,,
8469286,2017,20180622,101,20171214,1340,32,147,4,5,5,101,0,0,0,,0,1,RT 61,WEBSTER ST,100,N,N,A,-,Y,ALA,4,260,-,R,1.86,H,-,S,N,0,0,0,2,A,-,7,21658,A,M,B,C,A,A,H,-,A,-,0,,,,,Y,,A,8,0,0,0,0,0,0,0,0,0,-,-,,
8470077,2017,20171023,101,20171007,1040,288,,6,5,5,101,0,0,0,,0,2,ESTUDILLO AV,MACARTHUR BL,0,,Y,A,-,N,,,,,,,,,,Y,0,0,0,2,A,-,8,22107,,N,A,C,A,A,H,-,A,A,0,,,,,Y,,-,,0,0,0,0,0,0,0,0,0,-,-,,
8471146,2017,20171026,101,20171001,2242,49,506,7,5,5,101,0,0,0,,0,5,W TOWER AV,PAN AM WY,13,W,N,A,-,N,,,,,,,,,,N,0,0,0,1,A,-,1,23152,A,N,A,J,A,A,H,-,C,D,0,,,,,Y,Y,D,22,0,0,0,0,0,0,0,0,0,-,-,,
8471150,2017,20171023,101,20170927,1222,95,113,3,5,5,101,0,0,0,,0,1,WILLIE STARGELL AV,MAIN ST,0,,Y,A,-,N,,,,,,,,,,Y,0,0,0,2,A,-,0,21453,2,N,D,C,A,A,H,-,A,A,0,,,,Y,Y,,A,7,0,0,0,0,0,0,0,0,0,-,-,,
8471162,2017,20171031,101,20171002,1020,99,411,1,5,5,101,0,0,0,,0,4,ISLAND DR,MECARTNEY RD,230,N,N,A,-,N,,,,,,,,,,N,3,0,1,2,A,-,9,21804,A,N,D,C,A,A,H,-,A,D,0,,,,Y,Y,,F,25,0,1,0,0,0,0,0,0,0,-,-,,
8471420,2017,20171031,101,20170930,1804,11,128,6,5,5,101,0,0,0,,0,1,TAYLOR AV,4TH ST,240,E,N,A,-,N,,,,,,,,,,Y,4,0,1,2,A,-,1,23152,F,N,A,E,A,A,H,-,A,D,0,,,,,Y,,A,1,0,0,1,0,0,0,0,0,0,-,-,,
8471436,2017,20171020,101,20170928,735,55,407,4,5,5,101,0,0,0,,0,4,ROBERT DAVEY JR DR,CHANNING WY,0,,Y,A,-,N,,,,,,,,,,N,3,0,1,2,A,-,9,21804,A,N,B,G,A,A,H,-,A,A,0,,Y,,,Y,,L,4,0,1,0,0,0,0,1,0,0,-,-,,
8471597,2017,20171025,101,20170930,1039,32,213,6,5,5,101,0,0,0,,0,2,8TH ST,EAGLE AV,11,N,N,A,-,N,,,,,,,,,,N,0,0,0,1,A,-,21,22106,,N,E,I,A,A,H,-,A,D,0,,,,,Y,,A,1,0,0,0,0,0,0,0,0,0,-,-,,
8471627,2017,20171025,101,20171001,1758,44,231,7,5,5,101,0,0,0,,0,2,SHORELINE DR,GRAND ST,28,W,N,A,-,N,,,,,,,,,,Y,0,0,0,2,A,-,3,22350,,M,C,C,A,A,H,-,A,A,0,,,,,Y,,A,1,0,0,0,0,0,0,0,0,0,-,-,,
8471631,2017,20171025,101,20171006,1926,23,222,5,5,5,101,0,0,0,,0,2,LINCOLN AV,POWERS ST,110,W,N,A,-,N,,,,,,,,,,N,0,0,0,2,A,-,8,22107,,M,B,E,A,A,H,-,C,D,0,,,,,Y,,A,1,0,0,0,0,0,0,0,0,0,-,-,,
8471643,2017,20171025,101,20171003,1600,15,342,2,5,5,101,0,0,0,,0,3,FERNSIDE BL,CENTRAL AV,113,S,N,A,-,N,,,,,,,,,,N,0,0,0,3,A,-,3,22350,A,M,C,C,A,A,H,-,A,D,0,,,,,Y,,A,7,0,0,0,0,0,0,0,0,0,-,-,,
8471647,2017,20171025,101,20171013,2500,29,413,5,5,5,101,0,0,0,,0,4,FONTANA DR,MECARTNEY RD,104,S,N,A,-,N,,,,,,,,,,N,0,0,0,2,A,-,21,22106,,M,C,E,A,A,H,-,C,D,0,,,,,Y,,-,99,0,0,0,0,0,0,0,0,0,-,-,,
8471651,2017,20171025,101,20171001,755,89,425,7,5,5,101,0,0,0,,0,4,HARBOR BAY PKWY,SOUTH LOOP RD,0,,Y,A,-,N,,,,,,,,,,Y,0,0,0,1,A,-,1,23152,A,M,E,I,A,A,H,-,A,D,0,,,,,Y,Y,A,7,0,0,0,0,0,0,0,0,0,-,-,,
8471655,2017,20171025,101,20171006,607,23,343,5,5,5,101,0,0,0,,0,3,FERNSIDE BL,MONTE VISTA AV,367,N,N,A,-,N,,,,,,,,,,N,0,0,0,4,A,-,8,22107,,N,E,E,A,A,H,-,C,D,0,,,,,Y,,A,7,0,0,0,0,0,0,0,0,0,-,-,,
8471659,2017,20171025,101,20171006,1417,55,420,5,5,5,101,0,0,0,,0,4,ISLAND DR,GARDEN RD,7,S,N,A,-,N,,,,,,,,,,N,4,0,1,2,A,-,3,22350,,N,C,C,A,A,H,-,A,D,0,,,,,Y,,A,1,0,0,1,0,0,0,0,0,0,-,-,,
8471663,2017,20180312,101,20171005,1540,50,105,4,5,5,101,0,0,0,,0,1,CONSTITUTION WY,MARINER SQUARE DR,360,S,N,A,-,N,,,,,,,,,,N,0,0,0,2,A,-,8,22107,,M,B,C,A,A,H,-,A,D,0,,,,,Y,,A,7,0,0,0,0,0,0,0,0,0,-,-,,
8471667,2017,20171025,101,20171005,2201,91,222,4,5,5,101,0,0,0,,0,2,ENCINAL AV,GRAND ST,0,,Y,A,-,N,,,,,,,,,,N,0,0,0,2,A,-,1,23152,A,N,D,C,A,A,H,-,C,A,0,,,,,Y,Y,A,1,0,0,0,0,0,0,0,0,0,-,-,,
8471707,2017,20180608,101,20171007,1059,46,124,6,5,5,101,0,0,0,,0,1,RT 260,PACIFIC AV,0,,Y,A,-,N,,,,,,,,,,N,0,0,0,2,A,-,12,21453,A,N,D,C,A,A,H,-,A,A,0,,,,,Y,,A,1,0,0,0,0,0,0,0,0,0,-,-,,
8471944,2017,20180628,101,20171006,1101,46,105,5,5,5,101,0,0,0,,0,1,RT 260,WILLIE STARGELL AV,268,S,N,A,-,Y,ALA,4,260,-,R,0.65,H,-,N,Y,3,0,1,3,A,-,3,22350,,N,C,C,A,A,H,-,A,A,0,,,,,Y,,A,1,0,1,0,0,0,0,0,0,0,-,-,,
8474673,2017,20171028,101,20170927,830,82,143,3,5,5,101,0,0,0,,0,1,PACIFIC AV,CONCORDIA ST,0,,Y,A,-,N,,,,,,,,,,N,0,0,0,2,A,-,9,21802,B,N,D,C,A,A,H,-,A,A,0,,,,,Y,,A,1,0,0,0,0,0,0,0,0,0,-,-,,
8475462,2017,20171130,101,20171010,2231,10,341,2,5,5,101,0,0,0,,0,3,FERNSIDE BL,MADISON ST,15,S,N,A,-,N,,,,,,,,,,Y,0,0,0,1,A,-,1,23152,A,N,E,I,A,A,H,-,C,D,0,,,,,Y,Y,A,7,0,0,0,0,0,0,0,0,0,-,-,,
8483282,2017,20171116,101,20171028,903,58,334,6,5,5,101,0,0,0,,0,3,CALHOUN ST,BROADWAY,0,,Y,A,-,N,,,,,,,,,,N,0,0,0,2,A,-,12,22450,A,M,D,C,A,A,H,-,A,A,0,,,,Y,Y,,F,26,0,0,0,0,0,0,0,0,0,-,-,,
8483286,2017,20171116,101,20171025,1717,60,223,3,5,5,101,0,0,0,,0,2,MORTEN ST,SAN ANTONIO AV,117,S,N,A,-,N,,,,,,,,,,N,0,0,0,2,A,-,21,22106,,N,B,C,A,A,H,-,A,D,0,,,,,Y,,D,22,0,0,0,0,0,0,0,0,0,-,-,,
8483290,2017,20171116,101,20171025,829,51,128,3,5,5,101,0,0,0,,0,1,CENTRAL AV,BALLENA BL,87,W,N,A,-,N,,,,,,,,,,N,0,0,0,2,A,-,8,22107,,N,C,E,A,A,H,-,A,D,0,,,,,Y,,-,- ,0,0,0,0,0,0,0,0,0,-,-,,
8483294,2017,20180111,101,20171017,1253,89,245,2,5,5,101,0,0,0,,0,2,EAGLE AV,LAFAYETTE ST,11,E,N,A,-,N,,,,,,,,,,N,0,0,0,2,A,-,8,22107,,M,B,E,A,A,H,-,A,D,0,,,,,Y,,D,22,0,0,0,0,0,0,0,0,0,-,-,,
8483298,2017,20171117,101,20171016,1155,99,333,1,5,5,101,0,0,0,,0,3,BROADWAY,LINCOLN AV,0,,Y,A,-,N,,,,,,,,,,Y,4,0,1,2,A,-,9,21802,B,N,D,C,A,A,H,-,A,A,0,,,,,Y,,A,1,0,0,1,0,0,0,0,0,0,-,-,,
8483359,2017,20171116,101,20171031,2500,41,326,2,5,5,101,0,0,0,,0,6,PARK ST,ALAMEDA AV,106,N,N,A,-,N,,,,,,,,,,N,0,0,0,2,A,-,8,22107,,M,B,E,A,A,H,-,A,D,0,,,,,Y,,-,99,0,0,0,0,0,0,0,0,0,-,-,,
8483868,2017,20171120,101,20171030,2500,42,122,1,5,5,101,0,0,0,,0,1,BUENA VISTA AV,W POGGI ST,176,E,N,A,-,N,,,,,,,,,,N,0,0,0,2,A,-,8,22107,,M,B,E,A,A,H,-,C,D,0,,,,Y,Y,,F,88,0,0,0,0,0,0,0,0,0,-,-,,
8483872,2017,20171120,101,20171029,220,S-20,326,7,5,5,101,0,0,0,,0,3,SANTA CLARA AV,OAK ST,193,E,N,A,-,N,,,,,,,,,,N,0,0,0,2,A,-,21,22106,,N,C,C,A,A,H,-,C,D,0,,,,,Y,,A,1,0,0,0,0,0,0,0,0,0,-,-,,
8483876,2017,20171120,101,20171024,804,89,306,2,5,5,101,0,0,0,,0,3,CENTRAL AV,WALNUT ST,0,,Y,A,-,N,,,,,,,,,,N,4,0,1,2,A,-,12,22450,A,M,D,C,A,A,H,-,A,A,0,,,,,Y,,A,7,0,0,1,0,0,0,0,0,0,-,-,,
8483880,2017,20171120,101,20171024,150,42,324,2,5,5,101,0,0,0,,0,3,TILDEN WY,N FERNSIDE BL,720,N,N,A,-,N,,,,,,,,,,N,0,0,0,1,C,-,18,,,N,E,I,A,A,H,-,C,B,0,,,,,Y,,-,- ,0,0,0,0,0,0,0,0,0,-,-,,
8483884,2017,20171120,101,20171019,1328,95,126,4,5,5,101,0,0,0,,0,1,LINCOLN AV,5TH ST,217,E,N,B,-,N,,,,,,,,,,N,0,0,0,3,A,-,8,22107,,N,B,E,A,A,H,-,A,D,0,,,,,Y,,A,1,0,0,0,0,0,0,0,0,0,-,-,,
8483888,2017,20171120,101,20171018,2500,10,326,3,5,5,101,0,0,0,,0,3,OAK ST,LINCOLN AV,11,S,N,A,-,N,,,,,,,,,,N,0,0,0,2,A,-,8,22107,,M,B,E,A,A,H,-,A,A,0,,,,,Y,,-,99,0,0,0,0,0,0,0,0,0,-,-,,
8483892,2017,20171120,101,20171015,1154,89,306,7,5,5,101,0,0,0,,0,3,OAK ST,CENTRAL AV,40,S,N,A,-,N,,,,,,,,,,N,0,0,0,2,D,-,0,,,N,B,C,A,A,H,-,A,A,0,,,,,Y,,-,- ,0,0,0,0,0,0,0,0,0,-,-,,
8483896,2017,20171120,101,20171014,2223,85,306,6,5,5,101,0,0,0,,0,3,ENCINAL AV,WILLOW ST,33,W,N,A,-,N,,,,,,,,,,N,0,0,0,2,A,-,1,23152,A,N,C,C,A,A,H,-,C,A,0,,,,,Y,Y,A,1,0,0,0,0,0,0,0,0,0,-,-,,
8483900,2017,20171120,101,20171012,1925,14,110,4,5,5,101,0,0,0,,0,3,CLEMENT AV,PARK ST,103,W,N,A,-,N,,,,,,,,,,N,0,0,0,2,A,-,21,22106,,N,D,C,A,A,H,-,C,D,0,,,,,Y,,A,1,0,0,0,0,0,0,0,0,0,-,-,,
8484015,2017,20171115,101,20171027,718,95,238,5,5,5,101,0,0,0,,0,2,OTIS DR,GRAND ST,12,E,N,A,-,N,,,,,,,,,,N,2,0,1,2,A,-,10,21950,A,N,G,B,B,A,H,-,A,A,0,Y,,,,Y,,A,7,1,0,0,0,1,0,0,0,0,-,-,,
8484019,2017,20171129,101,20171025,839,44,333,3,5,5,101,0,0,0,,0,3,CENTRAL AV,GIBBONS DR,0,,Y,A,-,N,,,,,,,,,,N,2,0,1,2,A,-,9,21801,A,N,D,G,A,A,H,-,A,D,0,,Y,,,Y,,A,1,1,0,0,0,0,0,1,0,0,-,-,,
8484023,2017,20171115,101,20171023,1539,51,ALAME,1,5,5,101,0,0,0,,0,425,HARBOR BAY PKWY,SOUTH LOOP RD,0,,Y,A,-,N,,,,,,,,,,Y,3,0,2,2,A,-,9,21801,A,N,D,C,A,A,H,-,A,A,0,,,,,Y,,A,1,0,1,1,0,0,0,0,0,0,-,-,,
8484027,2017,20171115,101,20171021,2147,30,326,6,5,5,101,0,0,0,,0,3,SANTA CLARA AV,EVERETT AV,77,E,N,A,-,N,,,,,,,,,,N,3,0,1,2,A,-,1,23152,A,N,C,E,A,A,H,-,C,C,0,,,,,Y,Y,A,7,0,1,0,0,0,0,0,0,0,-,-,,
8484031,2017,20171205,101,20171020,1648,49,138,5,5,5,101,0,0,0,,0,1,WESTLINE DR,OTIS DR,0,,Y,A,-,N,,,,,,,,,,N,3,0,1,2,A,-,8,22107,,N,D,C,A,A,H,-,A,A,0,,,,,Y,,A,7,0,1,0,0,0,0,0,0,0,-,-,,
8484035,2017,20171115,101,20171017,2053,15,110,2,5,5,101,0,0,0,,0,1,RALPH APPEZZATO MEMORIAL PKWY,CORAL SEA ST,0,,Y,A,-,N,,,,,,,,,,N,2,0,1,2,A,-,10,21950,A,F,G,B,B,A,H,-,C,A,0,Y,,,,Y,,A,1,1,0,0,0,1,0,0,0,0,-,-,,
8484039,2017,20171115,101,20171013,1513,21,318,5,5,5,101,0,0,0,,0,3,SAN JOSE AV,BROADWAY,54,W,N,A,-,N,,,,,,,,,,N,4,0,1,1,A,-,3,22350,,N,H,J,A,A,H,-,A,A,0,,,Y,,Y,,C,2,0,0,1,0,0,0,0,0,1,-,-,,
8486216,2017,20180517,101,20171015,1459,40,243,7,5,5,101,0,0,0,,0,2,SANTA CLARA AV,CHESTNUT ST,15,W,N,A,-,N,,,,,,,,,,N,4,0,1,2,A,-,12,22450,A,N,D,C,A,A,H,-,A,A,0,,,,,Y,,A,1,0,0,1,0,0,0,0,0,0,-,-,,
8486221,2017,20180608,101,20171009,1912,30,124,1,5,5,101,0,0,0,,0,1,WEBSTER ST,PACIFIC AV,50,N,N,A,-,N,,,,,,,,,,N,0,0,0,2,A,-,8,22107,,N,B,C,A,A,H,-,C,A,0,,,,,Y,,-,- ,0,0,0,0,0,0,0,0,0,-,-,,
8486225,2017,20180615,101,20171026,1615,50,1,4,5,5,101,0,0,0,,0,122,8TH ST,CENTRAL AV,0,,Y,A,-,Y,ALA,4,61,-,-,21.74,H,-,N,N,0,0,0,2,A,-,8,22107,,M,B,C,A,A,H,-,A,A,0,,,,,Y,,A,7,0,0,0,0,0,0,0,0,0,-,-,,
8486228,2017,20180517,101,20171022,1207,46,123,7,5,5,101,0,0,0,,0,1,RT 260,BUENA VISTA AV,0,,Y,A,-,N,,,,,,,,,,N,3,0,1,2,A,-,10,21950,A,N,G,B,B,A,H,-,A,A,0,Y,,,,Y,,A,1,0,1,0,0,1,0,0,0,0,-,-,,
8486248,2017,20180628,101,20170930,1515,30,326,6,5,5,101,0,0,0,,0,3,RT 61,W OAK ST,350,W,N,A,-,Y,ALA,4,61,-,-,20.22,H,-,N,N,0,0,0,2,A,-,21,22106,,N,B,E,A,A,H,-,A,D,0,,,,,Y,,A,1,0,0,0,0,0,0,0,0,0,-,-,,
8492437,2017,20171127,101,20170619,1051,9492,1,1,5,5,101,0,0,0,,0,19X,INTERNATIONAL BL,13TH AV,0,,Y,A,-,N,,,,,,,,,,N,4,0,1,2,D,-,0,,,N,A,B,D,A,H,-,A,D,0,Y,,,,Y,,-,- ,0,0,1,0,1,0,0,0,0,-,-,,
8495724,2017,20171213,101,20171103,1728,99,145,5,5,5,101,0,0,0,,0,1,CONSTITUTION WY,EAGLE AV,0,,Y,A,-,N,,,,,,,,,,N,3,0,1,2,A,-,10,21950,A,N,G,B,B,A,H,-,B,D,0,Y,,,,Y,,A,1,0,1,0,0,1,0,0,0,0,-,-,,
8496223,2017,20180123,101,20171113,1015,44,305,1,5,5,101,0,0,0,,0,3,WALNUT ST,BUENA AV,21,N,N,A,-,N,,,,,,,,,,N,0,0,0,1,A,-,3,22350,,N,E,I,A,A,H,-,A,A,0,,,,,Y,,-,,0,0,0,0,0,0,0,0,0,-,-,,
8496227,2017,20180605,101,20171119,2500,46,142,7,5,5,101,0,0,0,,0,1,TAYLOR AV,WEBSTER ST,91,E,N,A,-,N,,,,,,,,,,N,0,0,0,2,A,-,8,22107,,M,B,E,A,A,H,-,C,D,0,,,,,Y,,-,99,0,0,0,0,0,0,0,0,0,-,-,,
8496231,2017,20180228,101,20171119,1344,99,303,7,5,5,101,0,0,0,,0,3,PARK ST,CLEMENT AV,0,,Y,A,-,N,,,,,,,,,,N,0,0,0,3,A,-,3,22350,,N,C,C,A,A,H,-,A,A,0,,,,,Y,,A,7,0,0,0,0,0,0,0,0,0,-,-,,
8496820,2017,20180605,101,20171115,1815,10,123,3,5,5,101,0,0,0,,0,1,RT 61,BUENA VISTA AV,0,,Y,B,-,N,,,,,,,,,,N,0,0,0,2,A,-,9,21801,A,M,D,C,A,A,H,-,C,A,0,,,,,Y,,-,99,0,0,0,0,0,0,0,0,0,-,-,,
8496850,2017,20180608,101,20171118,1245,99,123,6,5,5,101,0,0,0,,0,1,RALPH APPEZZATO MEMORIAL PKWY,RT 260,38,W,N,A,-,N,,,,,,,,,,N,4,0,1,2,A,-,21,22106,,N,C,C,A,A,H,-,A,A,0,,,,,Y,,A,7,0,0,1,0,0,0,0,0,0,-,-,,
8497697,2017,20171207,101,20171104,1405,32,310,6,5,5,101,0,0,0,,0,3,PARK ST,CLINTON AV,13,N,N,A,-,N,,,,,,,,,,N,4,0,1,2,A,-,3,22350,,N,C,C,A,A,H,-,A,D,0,,,,,Y,,A,1,0,0,1,0,0,0,0,0,0,-,-,,
8497701,2017,20171207,101,20171105,1453,40,120,7,5,5,101,0,0,0,,0,1,POGGI ST,RALPH APPEZZATO MEMORIAL PKWY,429,S,N,A,-,N,,,,,,,,,,N,4,0,1,2,A,-,3,22350,,M,B,C,A,A,H,-,A,D,0,,,,,Y,,A,8,0,0,1,0,0,0,0,0,0,-,-,,
8497705,2017,20171207,101,20171106,735,89,221,1,5,5,101,0,0,0,,0,2,GRAND ST,BUENA VISTA AV,0,,Y,A,-,N,,,,,,,,,,N,4,0,1,2,A,-,5,21650,,F,D,G,A,A,H,-,B,A,0,,Y,,,Y,,L,4,0,0,1,0,0,0,1,0,0,-,-,,
8497709,2017,20171207,101,20171113,1415,14,325,1,5,5,101,0,0,0,,0,3,PARK ST,CLINTON AV,268,S,N,C,-,N,,,,,,,,,,Y,4,0,1,2,A,-,8,22107,,N,B,C,A,B,H,-,A,D,0,,,,,Y,,A,1,0,0,1,0,0,0,0,0,0,-,-,,
8497713,2017,20171207,101,20171114,1548,70,305,2,5,5,101,0,0,0,,0,3,LINCOLN AV,WILLOW ST,0,,Y,A,-,N,,,,,,,,,,Y,3,0,2,2,A,-,9,21801,A,N,A,C,A,A,H,-,A,A,0,,,,,Y,,A,7,0,1,1,0,0,0,0,0,0,-,-,,
8497762,2017,20180120,101,20171112,2157,11,102,7,5,5,101,0,0,0,,0,1,MAIN ST,FERRY,11,W,N,A,-,N,,,,,,,,,,Y,0,0,0,1,A,-,8,22107,,M,A,I,A,A,H,-,C,A,0,,,,,Y,,A,1,0,0,0,0,0,0,0,0,0,-,-,,
8497766,2017,20180120,101,20171111,2157,18,305,6,5,5,101,0,0,0,,0,3,TILDEN WY,PARK ST,229,E,N,A,-,N,,,,,,,,,,N,0,0,0,1,A,-,8,22107,,N,E,I,A,A,H,-,C,A,0,,,,,Y,,A,1,0,0,0,0,0,0,0,0,0,-,-,,
8497770,2017,20180120,101,20171111,2019,21,318,6,5,5,101,0,0,0,,0,3,SAN JOSE AV,PARK AV,0,,Y,A,-,N,,,,,,,,,,N,0,0,0,2,A,-,9,21802,A,N,D,C,A,A,H,-,C,A,0,,,,,Y,,A,1,0,0,0,0,0,0,0,0,0,-,-,,
8497774,2017,20180120,101,20171111,2500,58,311,6,5,5,101,0,0,0,,0,3,WILLOW ST,OTIS DR,73,S,N,A,-,N,,,,,,,,,,N,0,0,0,2,A,-,8,22107,,M,B,E,A,A,H,-,A,A,0,,,,,Y,Y,-,99,0,0,0,0,0,0,0,0,0,-,-,,
8497777,2017,20180120,101,20171103,837,70,213,5,5,5,101,0,0,0,,0,2,BUENA VISTA AV,9TH ST,0,,Y,B,-,N,,,,,,,,,,N,0,0,0,2,A,-,6,21750,A,N,B,C,A,A,H,-,A,A,0,,,,,Y,,A,1,0,0,0,0,0,0,0,0,0,-,-,,
8497778,2017,20180120,101,20171110,1125,56,507,5,5,5,101,0,0,0,,0,5,W REDLINE AV,PAN AM WY,0,,Y,C,-,N,,,,,,,,,,Y,0,0,0,1,A,-,3,22350,,M,E,I,A,B,H,-,A,D,0,,,,,Y,,A,1,0,0,0,0,0,0,0,0,0,-,-,,
8497781,2017,20180120,101,20171101,2500,21,310,3,5,5,101,0,0,0,,0,3,OAK ST,ENCINAL AV,86,S,N,A,-,N,,,,,,,,,,N,0,0,0,2,A,-,21,22106,,M,B,E,A,A,H,-,A,A,0,,,,,Y,,-,99,0,0,0,0,0,0,0,0,0,-,-,,
8497782,2017,20180119,101,20171109,1439,56,333,4,5,5,101,0,0,0,,0,3,LINCOLN AV,BROADWAY,0,,Y,A,-,N,,,,,,,,,,Y,0,0,0,2,A,-,9,21801,A,N,A,C,A,A,H,-,A,A,0,,,,,Y,,A,7,0,0,0,0,0,0,0,0,0,-,-,,
8497785,2017,20180120,101,20171102,852,97,310,4,5,5,101,0,0,0,,0,,PARK ST,CLINTON AV,0,,Y,A,-,N,,,,,,,,,,Y,0,0,0,2,A,-,9,21801,A,N,D,C,A,A,H,-,A,D,0,,,,,Y,,A,7,0,0,0,0,0,0,0,0,0,-,-,,
8497786,2017,20180119,101,20171108,1402,70,333,3,5,5,101,0,0,0,,0,3,SANTA CLARA AV,VERSAILLES AV,0,,Y,B,-,N,,,,,,,,,,N,0,0,0,2,A,-,9,21802,A,N,D,C,A,A,H,-,A,A,0,,,,,Y,,A,1,0,0,0,0,0,0,0,0,0,-,-,,
8497789,2017,20180120,101,20171101,2045,61,326,3,5,5,101,0,0,0,,0,3,LINCOLN AV,PARK ST,230,E,N,A,-,N,,,,,,,,,,N,0,0,0,2,A,-,21,22106,,M,B,E,A,A,H,-,C,D,0,,,,,Y,,-,,0,0,0,0,0,0,0,0,0,-,-,,
8497790,2017,20180119,101,20171105,2105,60,221,7,5,5,101,0,0,0,,0,2,LINCOLN AV,PARU ST,0,,Y,A,-,N,,,,,,,,,,N,0,0,0,2,A,-,1,23152,A,N,C,C,A,A,H,-,C,D,0,,,,,Y,Y,A,7,0,0,0,0,0,0,0,0,0,-,-,,
8497793,2017,20180120,101,20171101,1726,95,422,3,5,5,101,0,0,0,,0,4,HARBOR BAY PKWY,S LOOP RD,412,W,N,A,-,N,,,,,,,,,,Y,0,0,0,2,A,-,9,21801,A,N,D,C,A,A,H,-,A,D,0,,,,,Y,,A,1,0,0,0,0,0,0,0,0,0,-,-,,
8497794,2017,20180120,101,20171102,1630,97,,4,5,5,101,0,0,0,,0,3043,MULBERRY ST,EAGLE AV,160,S,N,A,-,N,,,,,,,,,,N,0,0,0,2,A,-,8,22107,,M,B,E,A,A,H,-,A,D,0,,,,,Y,,-,,0,0,0,0,0,0,0,0,0,-,-,,
8497809,2017,20180120,101,20171119,1656,40,235,7,5,5,101,0,0,0,,0,2,SHORELINE DR,KITTY HAWK RD,250,E,N,A,-,N,,,,,,,,,,N,0,0,0,2,A,-,8,22107,,M,B,C,A,A,H,-,A,D,0,,,,,Y,,A,8,0,0,0,0,0,0,0,0,0,-,-,,
8497813,2017,20180120,101,20171118,2207,11,142,6,5,5,101,0,0,0,,0,1,8TH ST,CENTRAL AV,152,S,N,A,-,N,,,,,,,,,,N,0,0,0,2,A,-,8,22107,,M,B,E,A,A,H,-,C,A,0,,,,,Y,,A,1,0,0,0,0,0,0,0,0,0,-,-,,
8497817,2017,20180120,101,20171118,1201,32,243,6,5,5,101,0,0,0,,0,2,CENTRAL AV,GRAND ST,305,E,N,A,-,N,,,,,,,,,,N,0,0,0,3,A,-,8,22107,,M,B,E,A,A,H,-,A,D,0,,,,,Y,Y,-,99,0,0,0,0,0,0,0,0,0,-,-,,
8497821,2017,20180120,101,20171116,2230,50,306,4,5,5,101,0,0,0,,0,3,LINCOLN AV,OAK ST,140,W,N,C,-,N,,,,,,,,,,N,0,0,0,2,A,-,8,22107,,M,B,E,A,B,H,-,C,D,0,,,,,Y,,-,99,0,0,0,0,0,0,0,0,0,-,-,,