CASE_ID,ACCIDENT_YEAR,PROC_DATE,JURIS,COLLISION_DATE,COLLISION_TIME,OFFICER_ID,REPORTING_DISTRICT,DAY_OF_WEEK,CHP_SHIFT,POPULATION,CNTY_CITY_LOC,SPECIAL_COND,BEAT_TYPE,CHP_BEAT_TYPE,CITY_DIVISION_LAPD,CHP_BEAT_CLASS,BEAT_NUMBER,PRIMARY_RD,SECONDARY_RD,DISTANCE,DIRECTION,INTERSECTION,WEATHER_1,WEATHER_2,STATE_HWY_IND,CALTRANS_COUNTY,CALTRANS_DISTRICT,STATE_ROUTE,ROUTE_SUFFIX,POSTMILE_PREFIX,POSTMILE,LOCATION_TYPE,RAMP_INTERSECTION,SIDE_OF_HWY,TOW_AWAY,COLLISION_SEVERITY,NUMBER_KILLED,NUMBER_INJURED,PARTY_COUNT,PRIMARY_COLL_FACTOR,PCF_CODE_OF_VIOL,PCF_VIOL_CATEGORY,PCF_VIOLATION,PCF_VIOL_SUBSECTION,HIT_AND_RUN,TYPE_OF_COLLISION,MVIW,PED_ACTION,ROAD_SURFACE,ROAD_COND_1,ROAD_COND_2,LIGHTING,CONTROL_DEVICE,CHP_ROAD_TYPE,PEDESTRIAN_ACCIDENT,BICYCLE_ACCIDENT,MOTORCYCLE_ACCIDENT,TRUCK_ACCIDENT,NOT_PRIVATE_PROPERTY,ALCOHOL_INVOLVED,STWD_VEHTYPE_AT_FAULT,CHP_VEHTYPE_AT_FAULT,COUNT_SEVERE_INJ,COUNT_VISIBLE_INJ,COUNT_COMPLAINT_PAIN,COUNT_PED_KILLED,COUNT_PED_INJURED,COUNT_BICYCLIST_KILLED,COUNT_BICYCLIST_INJURED,COUNT_MC_KILLED,COUNT_MC_INJURED,PRIMARY_RAMP,SECONDARY_RAMP,LATITUDE,LONGITUDE
8748476,2018,20181212,101,20181126,1122,72,502,1,5,5,101,0,0,0,,0,5,CENTRAL AV,S PACIFIC AV,7,S,N,A,-,N,,,,,,,,,,N,0,0,0,1,A,-,8,22107,,N,E,I,A,A,H,-,A,A,0,,,,Y,Y,,F,26,0,0,0,0,0,0,0,0,0,-,-,,
8748601,2018,20181212,101,20181127,2500,72,130,2,5,5,101,0,0,0,,0,1,3RD ST,S CENTRAL AV,82,S,N,A,-,N,,,,,,,,,,N,0,0,0,2,A,-,8,22107,,M,B,E,A,A,H,-,C,D,0,,,,,Y,,-,99,0,0,0,0,0,0,0,0,0,-,-,,
8748605,2018,20181212,101,20181123,2200,65,245,5,5,5,101,0,0,0,,0,2,EAGLE AV,UNION ST,123,W,N,A,-,N,,,,,,,,,,N,0,0,0,2,A,-,13,22515,,N,D,E,A,A,H,-,C,D,0,,,,,Y,,A,1,0,0,0,0,0,0,0,0,0,-,-,,
8748609,2018,20190114,101,20181123,1729,40,254,5,5,5,101,0,0,0,,0,2,ENCINAL AV,RT 61,11,E,N,C,-,Y,ALA,4,61,-,-,20.69,I,5,S,N,0,0,0,2,D,-,0,,,N,D,C,A,B,H,-,C,A,0,,,,,Y,,-,- ,0,0,0,0,0,0,0,0,0,-,-,,
8748613,2018,20181212,101,20181121,1629,36,425,3,5,5,101,0,0,0,,0,4,RON COWAN PKWY,HARBOR BAY PKWY,43,S,N,B,-,N,,,,,,,,,,N,0,0,0,1,A,-,8,22107,,M,E,I,A,B,H,-,B,A,0,,,,,Y,,A,1,0,0,0,0,0,0,0,0,0,-,-,,
8748641,2018,20181213,101,20181121,1039,97,425,3,5,5,101,0,0,0,,0,4,HARBOR BAY PKWY,RON COWAN PKWY,0,,Y,C,-,N,,,,,,,,,,N,0,0,0,2,A,-,8,22107,,M,B,C,A,B,H,-,A,A,0,,,,,Y,,A,1,0,0,0,0,0,0,0,0,0,-,-,,
8748645,2018,20181214,101,20181120,1418,70,326,2,5,5,101,0,0,0,,0,3,PARK ST,SANTA CLARA AV,0,,Y,A,-,N,,,,,,,,,,Y,0,0,0,2,A,-,9,21801,A,N,D,C,A,A,H,-,A,A,0,,,,,Y,,A,7,0,0,0,0,0,0,0,0,0,-,-,,
8748649,2018,20181213,101,20181119,2500,19,413,1,5,5,101,0,0,0,,0,4,FONTANA DR,MECARTNEY RD,100,S,N,B,-,N,,,,,,,,,,N,0,0,0,2,A,-,8,22107,,M,B,E,A,A,H,-,C,D,0,,,,,Y,,-,,0,0,0,0,0,0,0,0,0,-,-,,
8748653,2018,20181214,101,20181118,1025,89,106,7,5,5,101,0,0,0,,0,1,WILLIE STARGELL AV,E CAMPUS DR,34,E,N,B,-,N,,,,,,,,,,Y,0,0,0,1,A,-,1,23152,A,N,E,I,A,A,H,-,A,A,0,,,,,Y,Y,A,1,0,0,0,0,0,0,0,0,0,-,-,,
8749946,2018,20190110,101,20181125,205,88,105,7,5,5,101,0,0,0,,0,1,RT 260,WEBSTER ST,202,S,N,A,-,Y,ALA,4,260,-,R,1.24,H,-,S,Y,4,0,3,3,A,-,2,22400,A,N,C,C,A,A,H,-,C,A,0,,,,,Y,,A,7,0,0,3,0,0,0,0,0,0,-,-,,
8755977,2018,20190130,101,20181120,1350,68,142,2,5,5,101,0,0,0,,0,1,RT 61,PAGE ST,116,E,N,A,-,Y,ALA,4,61,-,-,21.91,H,-,S,Y,0,0,0,2,A,-,8,22107,,M,B,E,A,A,H,-,A,D,0,,,,,Y,,A,1,0,0,0,0,0,0,0,0,0,-,-,,
8756256,2018,20181217,101,20181129,1251,95,327,4,5,5,101,0,0,0,,0,3,CLEMENT AV,EVERETT ST,0,,Y,C,-,N,,,,,,,,,,N,0,0,0,2,A,-,9,21802,A,N,D,C,A,B,H,-,A,A,0,,,,,Y,,A,1,0,0,0,0,0,0,0,0,0,-,-,,
8756851,2018,20181226,101,20181118,2236,40,334,7,5,5,101,0,0,0,,0,3,ENCINAL AV,HIGH ST,297,E,N,A,-,N,,,,,,,,,,Y,4,0,1,3,D,-,0,,,N,D,C,A,A,H,-,C,A,0,,,,,Y,,-,- ,0,0,1,0,0,0,0,0,0,-,-,,
8757470,2018,20181218,101,20181203,1403,70,241,1,5,5,101,0,0,0,,0,2,OTIS DR,GLENWOOD ISLE,166,E,N,A,-,N,,,,,,,,,,N,0,0,0,2,A,-,9,21801,A,N,D,C,A,A,H,-,A,D,0,,,,,Y,,A,1,0,0,0,0,0,0,0,0,0,-,-,,
8757474,2018,20181218,101,20181201,224,87,415,6,5,5,101,0,0,0,,0,4,ISLAND DR,DAHLIA DR,111,S,N,C,-,N,,,,,,,,,,Y,0,0,0,3,A,-,8,22107,,N,A,E,A,B,H,-,C,D,0,,,,,Y,Y,A,1,0,0,0,0,0,0,0,0,0,-,-,,
8757478,2018,20181218,101,20181203,937,70,314,1,5,5,101,0,0,0,,0,3,SHORELINE DR,PARK ST,250,W,N,A,-,N,,,,,,,,,,N,0,0,0,2,A,-,17,22517,,N,B,E,A,A,H,-,A,D,0,,,,,Y,,A,7,0,0,0,0,0,0,0,0,0,-,-,,
8757551,2018,20181220,101,20181129,1535,56,345,4,5,5,101,0,0,0,,0,3,SAN JOSE AV,FERNSIDE BL,80,W,N,B,-,N,,,,,,,,,,N,4,0,1,2,A,-,11,21954,A,N,G,B,D,B,H,-,A,D,0,Y,,,,Y,,N,60,0,0,1,0,1,0,0,0,0,-,-,,
8757559,2018,20181220,101,20181129,2046,40,305,4,5,5,101,0,0,0,,0,3,PACIFIC AV,OAK ST,4,E,N,B,-,N,,,,,,,,,,N,4,0,1,2,A,-,12,22450,A,F,G,B,B,A,H,-,C,D,0,Y,,,,Y,Y,A,1,0,0,1,0,1,0,0,0,0,-,-,,
8757630,2018,20181217,101,20181130,2216,23,245,5,5,5,101,0,0,0,,0,2,BUENA VISTA AV,CHESTNUT ST,21,W,N,A,-,N,,,,,,,,,,N,0,0,0,2,A,-,3,22350,,N,C,C,A,A,H,-,C,D,0,,,,,Y,,A,7,0,0,0,0,0,0,0,0,0,-,-,,
8757652,2018,20190202,101,20181201,2135,47,305,6,5,5,101,0,0,0,,0,3,LINCOLN AV,WALNUT ST,0,,Y,A,-,N,,,,,,,,,,Y,4,0,2,2,A,-,9,21802,A,N,D,C,A,A,H,-,C,A,0,,,,,Y,,A,1,0,0,2,0,0,0,0,0,0,-,-,,
8757654,2018,20181217,101,20181129,1249,54,221,4,5,5,101,0,0,0,,0,2,LINCOLN AV,GRAND ST,0,,Y,B,-,N,,,,,,,,,,N,0,0,0,3,A,-,12,21453,A,M,B,C,A,A,H,-,A,A,0,,,,,Y,,A,1,0,0,0,0,0,0,0,0,0,-,-,,
8757666,2018,20181217,101,20181128,2500,72,110,3,5,5,101,0,0,0,,0,1,ROBERT LOUIS STEVENSON AV,WEST CORAL SEA ST,178,W,N,B,-,N,,,,,,,,,,N,0,0,0,2,A,-,8,22107,,M,B,E,A,B,H,-,A,D,0,,,,,Y,,A,1,0,0,0,0,0,0,0,0,0,-,-,,
8758633,2018,20190104,101,20181208,1725,99,343,6,5,5,101,0,0,0,,0,3,FERNSIDE BL,GARFIELD AV,26,S,N,A,-,N,,,,,,,,,,Y,4,0,1,2,A,-,1,23152,A,N,C,C,A,A,H,-,C,D,0,,,,,Y,Y,A,1,0,0,1,0,0,0,0,0,0,-,-,,
8758637,2018,20190411,101,20181206,1544,56,243,4,5,5,101,0,0,0,,0,2,SANTA CLARA AV,CHESTNUT ST,0,,Y,A,F,N,,,,,,,,,,N,4,0,1,3,A,-,10,21950,A,N,G,B,B,A,H,-,A,A,0,Y,,,,Y,,D,22,0,0,1,0,1,0,0,0,0,-,-,,
8759443,2018,20190123,101,20181103,857,41,113,6,5,5,101,0,0,0,,0,1,MAIN ST,W MIDWAY AV,0,,Y,A,-,N,,,,,,,,,,Y,2,0,2,2,A,-,9,21801,A,N,D,C,A,A,H,-,A,A,0,,,,,Y,,A,1,1,0,1,0,0,0,0,0,0,-,-,,
8759708,2018,20190102,101,20181023,907,56,327,2,5,5,101,0,0,0,,0,3,FRUITVALE AV,PEARL ST,0,,Y,A,-,N,,,,,,,,,,N,4,0,1,2,A,-,10,21950,A,N,G,B,B,A,H,-,A,A,0,Y,,,,Y,,A,1,0,0,1,0,1,0,0,0,0,-,-,,
8760007,2018,20190107,101,20181121,1556,54,145,3,5,5,101,0,0,0,,0,1,EAGLE AV,RT 260,5,E,N,B,-,N,,,,,,,,,,N,3,0,1,2,A,-,10,21950,A,F,G,B,B,B,H,-,A,A,0,Y,,,,Y,Y,A,1,0,1,0,0,1,0,0,0,0,-,-,,
8760173,2018,20190130,101,20181126,913,48,334,1,5,5,101,0,0,0,,0,3,RT 61,BROADWAY,33,E,N,A,-,Y,ALA,4,61,-,-,19.43,H,-,S,N,0,0,0,2,A,-,3,22350,,M,C,D,A,A,H,-,A,A,0,,,,,Y,,A,1,0,0,0,0,0,0,0,0,0,-,-,,
8760192,2018,20190115,101,20181202,1236,99,105,7,5,5,101,0,0,0,,0,1,WEBSTER ST,7TH ST,3000,S,N,A,-,Y,ALA,4,260,-,R,1.43,H,-,N,N,4,0,2,2,A,-,8,22107,,N,B,C,A,A,H,-,C,D,0,,,Y,,Y,,A,1,0,0,2,0,0,0,0,0,2,-,-,,
8763045,2018,20181227,101,20181209,2045,49,124,7,5,5,101,0,0,0,,0,1,PACIFIC AV,WEBSTER ST,170,W,N,A,-,N,,,,,,,,,,N,4,0,1,2,A,-,11,21954,A,N,G,B,D,A,H,-,C,D,0,Y,,,,Y,,N,60,0,0,1,0,1,0,0,0,0,-,-,,
8763073,2018,20181227,101,20181213,1002,75,203,4,5,5,101,0,0,0,,0,2,SHERMAN ST,BUENA VISTA AV,39,N,N,A,-,N,,,,,,,,,,N,4,0,1,1,A,-,8,22107,,N,E,I,A,A,H,-,A,A,0,,,,,Y,,A,1,0,0,1,0,0,0,0,0,0,-,-,,
8763074,2018,20181231,101,20181206,1958,63,332,4,5,5,101,0,0,0,,0,3,E SHORE DR,CENTRAL AV,87,S,N,A,-,N,,,,,,,,,,N,0,0,0,2,A,-,8,22107,,M,B,C,A,A,H,-,C,D,0,,,,,Y,,-,99,0,0,0,0,0,0,0,0,0,-,-,,
8763078,2018,20190102,101,20181212,1141,70,316,3,5,5,101,0,0,0,,0,3,SHORELINE DR,PARK ST,618,E,N,A,-,N,,,,,,,,,,N,0,0,0,2,A,-,17,22517,,N,B,E,A,A,H,-,A,D,0,,,,,Y,,A,1,0,0,0,0,0,0,0,0,0,-,-,,
8763086,2018,20190102,101,20181205,1710,45,252,3,5,5,101,0,0,0,,0,2,CHALLENGER DR,MARINA VILLAGE PKWY,19,S,N,B,-,N,,,,,,,,,,N,0,0,0,2,A,-,3,22350,,N,C,C,A,A,H,-,C,A,0,,,,,Y,,A,7,0,0,0,0,0,0,0,0,0,-,-,,
8763093,2018,20190116,101,20181217,2001,63,326,1,5,5,101,0,0,0,,0,3,SANTA CLARA AV,OAK ST,0,,Y,A,-,N,,,,,,,,,,N,4,0,1,2,A,-,12,21453,A,N,D,C,A,A,H,-,C,A,0,,,,,Y,,-,- ,0,0,1,0,0,0,0,0,0,-,-,,
8763097,2018,20181227,101,20181217,1207,27,142,1,5,5,101,0,0,0,,0,1,8TH ST,TAYLOR AV,20,N,N,A,B,N,,,,,,,,,,N,4,0,1,2,A,-,3,22350,,N,C,C,A,A,H,-,A,A,0,,,,,Y,,A,1,0,0,1,0,0,0,0,0,0,-,-,,
8763102,2018,20181231,101,20181211,651,95,317,2,5,5,101,0,0,0,,0,3,OTIS DR,PARK AV,13,E,N,E,-,N,,,,,,,,,,Y,0,0,0,1,A,-,1,23152,A,N,B,I,A,B,H,-,B,D,0,,,,,Y,,A,8,0,0,0,0,0,0,0,0,0,-,-,,
8763106,2018,20190102,101,20181211,2500,68,113,2,5,5,101,0,0,0,,0,1,W ATLANTIC AV,MAIN ST,17,W,N,A,-,N,,,,,,,,,,N,0,0,0,1,A,-,3,22350,,M,E,I,A,A,H,-,A,A,0,,,,,Y,,-,99,0,0,0,0,0,0,0,0,0,-,-,,
8763110,2018,20190102,101,20181211,1740,30,326,2,5,5,101,0,0,0,,0,3,PARK ST,ALAMEDA AV,50,S,N,A,-,N,,,,,,,,,,N,0,0,0,2,A,-,17,22517,,N,D,C,A,A,H,-,C,D,0,,,,,Y,,A,1,0,0,0,0,0,0,0,0,0,-,-,,
8763114,2018,20190102,101,20181212,101,30,236,3,5,5,101,0,0,0,,0,2,FRANCISCAN WY,WILLOW ST,33,W,N,A,-,N,,,,,,,,,,N,0,0,0,2,A,-,8,22107,,N,A,C,A,A,H,-,C,D,0,,,,,Y,,A,1,0,0,0,0,0,0,0,0,0,-,-,,
8763118,2018,20190102,101,20181211,2500,75,310,2,5,5,101,0,0,0,,0,3,SAN ANTONIO AV,WALNUT ST,166,E,N,A,-,N,,,,,,,,,,N,0,0,0,2,A,-,8,22107,,M,B,E,A,A,H,-,A,D,0,,,,,Y,,-,99,0,0,0,0,0,0,0,0,0,-,-,,
8763425,2018,20190109,101,20181215,1220,54,128,6,5,5,101,0,0,0,,0,1,HAIGHT AV,5TH ST,0,,Y,A,-,N,,,,,,,,,,N,0,0,0,2,A,-,5,21650,1,N,D,G,A,A,H,-,A,A,0,,Y,,,Y,,L,4,0,0,0,0,0,0,0,0,0,-,-,,
8763429,2018,20190109,101,20181216,2500,88,222,7,5,5,101,0,0,0,,0,2,ALAMEDA AV,GRAND ST,336,W,N,A,-,N,,,,,,,,,,N,0,0,0,2,A,-,8,22107,,M,B,E,A,A,H,-,C,A,0,,,,,Y,,-,99,0,0,0,0,0,0,0,0,0,-,-,,
8764880,2018,20190108,101,20181203,1521,70,342,1,5,5,101,0,0,0,,0,3,BRIGGS AV,FERNSIDE BL,606,W,N,B,-,N,,,,,,,,,,N,0,0,0,2,A,-,9,21804,A,N,D,C,A,A,H,-,A,D,0,,,,,Y,,D,22,0,0,0,0,0,0,0,0,0,-,-,,
8765062,2018,20190108,101,20181129,1903,27,145,4,5,5,101,0,0,0,,0,1,RT 260,EAGLE AV,149,N,N,B,-,N,,,,,,,,,,Y,0,0,0,2,A,-,8,22102,,N,D,C,A,A,H,-,C,D,0,,,,,Y,,A,1,0,0,0,0,0,0,0,0,0,-,-,,
8768102,2018,20190115,101,20181213,1517,54,334,4,5,5,101,0,0,0,,0,3,RT 61,MOUND ST,0,,Y,A,-,Y,ALA,4,61,-,-,19.24,I,5,S,N,3,0,1,2,A,-,6,21951,,N,G,B,B,A,H,-,A,A,0,Y,,,,Y,,A,1,0,1,0,0,1,0,0,0,0,-,-,,
8768107,2018,20190115,101,20181210,545,72,426,1,5,5,101,0,0,0,,0,4,ISLAND DR,RT 61,2,S,N,C,-,Y,ALA,4,61,-,-,18.52,I,6,S,Y,4,0,1,2,A,-,4,21703,,N,C,C,A,B,H,-,C,A,0,,,,,Y,,A,1,0,0,1,0,0,0,0,0,0,-,-,,
8768111,2018,20190122,101,20181206,1149,68,141,4,5,5,101,0,0,0,,0,1,RT 260,WEBSTER ST,25,W,N,A,-,Y,ALA,4,61,-,-,21.966,I,6,N,N,0,0,0,2,A,-,3,22350,,M,C,C,A,A,H,-,A,D,0,,,,,Y,,-,99,0,0,0,0,0,0,0,0,0,-,-,,
8768115,2018,20190111,101,20181208,1716,63,145,6,5,5,101,0,0,0,,0,1,RT 260,EAGLE AV,0,,Y,A,-,N,,,,,,,,,,Y,0,0,0,2,A,-,9,21802,A,N,D,C,A,A,H,-,C,A,0,,,,,Y,,A,1,0,0,0,0,0,0,0,0,0,-,-,,
8772154,2018,20190117,101,20181228,1406,203264,321,5,5,5,101,0,0,0,,0,,VILLAGE PKWY,DUBLIN BL,775,S,N,A,-,N,,,,,,,,,,N,0,0,0,3,A,-,8,22107,,N,B,C,A,A,H,-,A,D,0,,,,,Y,,E,22,0,0,0,0,0,0,0,0,0,-,-,,
8773897,2018,20190122,101,20181219,1725,36,326,3,5,5,101,0,0,0,,0,3,OAK ST,CENTRAL AV,152,N,N,A,-,N,,,,,,,,,,N,0,0,0,2,A,-,8,22107,,M,B,E,A,A,H,-,C,D,0,,,,,Y,Y,-,99,0,0,0,0,0,0,0,0,0,-,-,,
8774115,2019,20190205,101,20190109,1845,102089,,3,5,5,101,0,0,0,,0,1,GOLF COURSE DR,GRIZZLY PEAK RD,600,N,N,E,-,N,,,,,,,,,,Y,3,0,3,3,A,-,- ,,,N,F,I,A,B,H,-,D,D,0,,,,,Y,Y,-,,0,3,0,0,0,0,0,0,0,-,-,37.892,122.242
8775286,2019,20190219,101,20190104,2241,47,131,5,5,5,101,0,0,0,,0,1,CENTRAL AV,BALLENA BL,22,W,N,A,-,N,,,,,,,,,,N,0,0,0,2,A,-,1,23152,,M,B,E,A,A,H,-,C,D,0,,,,,Y,Y,A,8,0,0,0,0,0,0,0,0,0,-,-,,
8775343,2018,20190130,101,20181231,755,56,326,1,5,5,101,0,0,0,,0,3,SANTA CLARA AV,PARK ST,0,,Y,A,-,N,,,,,,,,,,Y,0,0,0,2,A,-,12,21453,A,N,D,C,A,A,H,-,A,A,0,,,,,Y,,D,22,0,0,0,0,0,0,0,0,0,-,-,,
8775347,2018,20190117,101,20181221,1228,21,220,5,5,5,101,0,0,0,,0,2,PACIFIC AV,BENTON ST,242,W,N,A,-,N,,,,,,,,,,N,0,0,0,1,A,-,21,22106,,N,E,I,A,A,H,-,A,D,0,,,,Y,Y,,F,27,0,0,0,0,0,0,0,0,0,-,-,,
8775351,2018,20190116,101,20181219,1923,27,305,3,5,5,101,0,0,0,,0,3,PARK ST,CLEMENT AV,27,N,N,A,-,N,,,,,,,,,,Y,4,0,3,3,A,-,3,22350,,N,C,C,A,A,H,-,C,A,0,,,,,Y,,D,22,0,0,3,0,0,0,0,0,0,-,-,,
8776688,2018,20190122,101,20180106,1708,48,219,6,5,5,101,0,0,0,,0,2,LINCOLN AV,BAY ST,63,E,N,C,-,N,,,,,,,,,,Y,4,0,2,2,A,-,1,23152,A,N,C,C,A,B,H,-,C,D,0,,,,,Y,Y,A,1,0,0,2,0,0,0,0,0,0,-,-,,
8776695,2019,20190207,101,20190104,2058,48,106,5,5,5,101,0,0,0,,0,1,WILLIE STARGELL AV,MARINER SQUARE LOOP,118,W,N,A,-,N,,,,,,,,,,Y,3,0,1,1,A,-,22,23123,A,N,F,I,A,A,H,-,C,D,0,,,,,Y,Y,A,1,0,1,0,0,0,0,0,0,0,-,-,,
8779333,2019,20190212,101,20190128,1104,70,327,1,5,5,101,0,0,0,,0,3,CLEMENT AV,EVERETT ST,0,,Y,B,-,N,,,,,,,,,,Y,0,0,0,2,A,-,9,21802,A,N,D,C,A,A,H,-,A,A,0,,,Y,,Y,,D,22,0,0,0,0,0,0,0,0,0,-,-,,
8779337,2019,20190312,101,20190124,754,56,245,4,5,5,101,0,0,0,,0,2,CLEMENT AV,SCHILLER ST,104,W,N,A,F,N,,,,,,,,,,Y,4,0,1,2,A,-,3,22350,,N,D,C,A,A,H,-,A,D,0,,,,,Y,,A,1,0,0,1,0,0,0,0,0,0,-,-,,
8779341,2019,20190212,101,20190121,1630,65,317,1,5,5,101,0,0,0,,0,3,OTIS DR,PARK AV,81,W,N,A,-,N,,,,,,,,,,N,0,0,0,2,A,-,8,22107,,M,B,E,A,A,H,-,A,D,0,,,Y,,Y,,C,2,0,0,0,0,0,0,0,0,0,-,-,,
8779345,2019,20190212,101,20190118,1438,75,218,5,5,5,101,0,0,0,,0,2,SANTA CLARA AV,SAINT CHARLES ST,154,E,N,B,-,N,,,,,,,,,,N,0,0,0,2,A,-,21,22106,,N,B,C,A,A,H,-,A,D,0,,,,,Y,,D,22,0,0,0,0,0,0,0,0,0,-,-,,
8779784,2018,20190201,101,20181229,1330,89,318,6,5,5,101,0,0,0,,0,3,RT 61,REGENT ST,58,E,N,A,-,N,,,,,,,,,,N,0,0,0,2,A,-,3,22350,,N,C,C,A,A,H,-,A,D,0,,,,,Y,,A,1,0,0,0,0,0,0,0,0,0,-,-,,
8779788,2018,20190130,101,20181230,2005,49,145,7,5,5,101,0,0,0,,0,1,RT 260,WILLIE STARGELL AV,375,S,N,A,-,Y,ALA,4,260,-,R,0.73,H,-,S,Y,0,0,0,1,A,-,8,22107,,N,E,I,A,A,H,-,C,D,0,,,,,Y,,A,1,0,0,0,0,0,0,0,0,0,-,-,,
8779792,2018,20190130,101,20181226,110,19,217,3,5,5,101,0,0,0,,0,2,RT 61,BAY ST,56,W,N,A,-,Y,ALA,4,61,-,-,21.34,H,-,S,Y,0,0,0,2,A,-,1,23152,,M,B,E,A,A,H,-,C,D,0,,,,,Y,Y,A,1,0,0,0,0,0,0,0,0,0,-,-,,
8779796,2018,20190130,101,20181221,1240,54,309,5,5,5,101,0,0,0,,0,3,RT 61,WALNUT ST,64,E,N,A,-,Y,ALA,4,61,-,-,20.32,H,-,N,N,0,0,0,2,A,-,21,22106,,N,B,C,A,A,H,-,A,D,0,,,,,Y,,A,1,0,0,0,0,0,0,0,0,0,-,-,,
8779800,2018,20190129,101,20181221,650,21,145,5,5,5,101,0,0,0,,0,1,RT 261,EAGLE AV,0,,Y,B,-,N,,,,,,,,,,N,0,0,0,2,A,-,9,21802,A,M,-,C,A,B,H,-,A,A,0,,,,,Y,,-,99,0,0,0,0,0,0,0,0,0,-,-,,
8780424,2018,20190212,101,20181221,815,95,236,5,5,5,101,0,0,0,,0,2,FRANCISCAN WY,KITTY HAWK RD,70,E,N,B,-,N,,,,,,,,,,N,0,0,0,2,A,-,8,22107,,N,B,C,A,B,H,-,A,D,0,,,,,Y,,E,22,0,0,0,0,0,0,0,0,0,-,-,,
8780547,2018,20190130,101,20181220,814,32,331,4,5,5,101,0,0,0,,0,3,BROADWAY,LINCOLN AV,9,S,N,A,-,N,,,,,,,,,,N,0,0,0,2,A,-,9,21802,A,N,D,C,A,A,H,-,A,A,0,,,,,Y,,A,1,0,0,0,0,0,0,0,0,0,-,-,,
8780551,2019,20190130,101,20190105,1412,32,221,6,5,5,101,0,0,0,,0,2,LINCOLN AV,GRAND ST,30,E,N,C,-,N,,,,,,,,,,N,4,0,1,2,A,-,9,21801,A,N,D,C,A,B,H,-,A,A,0,,,,,Y,,A,1,0,0,1,0,0,0,0,0,0,-,-,,
8780565,2018,20190201,101,20181208,1259,89,123,6,5,5,101,0,0,0,,0,1,BUENA VISTA AV,BRUZZONE DR,151,W,N,A,-,N,,,,,,,,,,N,4,0,1,5,A,-,9,21804,A,N,B,C,A,A,H,-,A,D,0,,,,,Y,,A,1,0,0,1,0,0,0,0,0,0,-,-,,
8781100,2018,20190130,101,20181224,1948,30,209,1,5,5,101,0,0,0,,0,2,SAINT CHARLES ST,SAN ANTONIO AV,0,,Y,C,-,N,,,,,,,,,,Y,3,0,2,2,A,-,12,22450,A,N,D,C,A,B,H,-,C,A,0,,,,,Y,,A,1,0,1,1,0,0,0,0,0,0,-,-,,
8781104,2018,20190130,101,20181228,1041,56,323,5,5,5,101,0,0,0,,0,3,BLANDING AV,PARK ST,0,,Y,A,-,N,,,,,,,,,,N,4,0,1,2,A,-,3,22350,,N,C,C,A,A,H,-,A,A,0,,,,,Y,,A,1,0,0,1,0,0,0,0,0,0,-,-,,
8781106,2018,20190125,101,20181218,1812,99,138,2,5,5,101,0,0,0,,0,1,WESTLINE DR,SHOREPOINT CT,0,,Y,A,-,N,,,,,,,,,,N,0,0,0,2,A,-,9,21801,A,N,D,C,A,A,H,-,C,D,0,,,,,Y,,A,1,0,0,0,0,0,0,0,0,0,-,-,,
8781110,2018,20190125,101,20181218,800,19,305,2,5,5,101,0,0,0,,0,3,PARK ST,LINCOLN AV,0,,Y,A,-,N,,,,,,,,,,N,0,0,0,2,A,-,8,22107,,M,B,D,A,A,H,-,A,D,0,,,Y,,Y,Y,C,2,0,0,0,0,0,0,0,0,0,-,-,,
8781180,2019,20190201,101,20190102,1521,70,306,3,5,5,101,0,0,0,,0,,SANTA CLARA AV,WILLOW ST,0,,Y,A,-,N,,,,,,,,,,N,0,0,0,2,A,-,9,21802,A,N,D,C,A,A,H,-,A,A,0,,,,,Y,,A,1,0,0,0,0,0,0,0,0,0,-,-,,
8781181,2018,20190129,101,20181231,2002,58,141,1,5,5,101,0,0,0,,0,1,WEBSTER ST,CENTRAL AV,0,,Y,A,-,N,,,,,,,,,,N,4,0,1,2,A,-,5,21650,1,N,D,G,A,A,H,-,C,A,0,,Y,,,Y,,L,4,0,0,1,0,0,0,1,0,0,-,-,,
8781184,2019,20190201,101,20190102,1400,97,333,3,5,5,101,0,0,0,,0,3,GIBBONS DR,CENTRAL AV,34,N,N,A,-,N,,,,,,,,,,N,0,0,0,1,A,-,8,22107,,M,E,-,A,A,H,-,A,D,0,,,,,Y,,A,1,0,0,0,0,0,0,0,0,0,-,-,,
8781260,2018,20190124,101,20181224,959,95,218,1,5,5,101,0,0,0,,0,2,SANTA CLARA AV,BAY ST,0,,Y,B,-,N,,,,,,,,,,N,0,0,0,2,A,-,9,21802,A,N,D,C,A,B,H,-,A,A,0,,,,,Y,,A,1,0,0,0,0,0,0,0,0,0,-,-,,
8781264,2018,20190124,101,20181221,2200,17,425,5,5,5,101,0,0,0,,0,4,SOUTH LOOP RD,NORTH LOOP RD,517,E,N,A,-,N,,,,,,,,,,N,0,0,0,1,A,-,8,22107,,M,E,I,A,A,H,-,C,D,0,,,,,Y,,A,1,0,0,0,0,0,0,0,0,0,-,-,,
8781268,2018,20190122,101,20181219,555,85,235,3,5,5,101,0,0,0,,0,2,SHORELINE DR,KITTY HAWK RD,426,W,N,A,-,N,,,,,,,,,,Y,0,0,0,4,A,-,8,22107,,M,B,E,A,A,H,-,C,D,0,,,,,Y,,A,1,0,0,0,0,0,0,0,0,0,-,-,,
8781272,2018,20190124,101,20181219,2500,27,122,3,5,5,101,0,0,0,,0,1,BUENA VISTA AV,5TH ST,29,E,N,A,-,N,,,,,,,,,,N,0,0,0,2,A,-,8,22107,,M,B,E,A,A,H,-,A,D,0,,,,,Y,Y,-,99,0,0,0,0,0,0,0,0,0,-,-,,