CASE_ID,ACCIDENT_YEAR,PROC_DATE,JURIS,COLLISION_DATE,COLLISION_TIME,OFFICER_ID,REPORTING_DISTRICT,DAY_OF_WEEK,CHP_SHIFT,POPULATION,CNTY_CITY_LOC,SPECIAL_COND,BEAT_TYPE,CHP_BEAT_TYPE,CITY_DIVISION_LAPD,CHP_BEAT_CLASS,BEAT_NUMBER,PRIMARY_RD,SECONDARY_RD,DISTANCE,DIRECTION,INTERSECTION,WEATHER_1,WEATHER_2,STATE_HWY_IND,CALTRANS_COUNTY,CALTRANS_DISTRICT,STATE_ROUTE,ROUTE_SUFFIX,POSTMILE_PREFIX,POSTMILE,LOCATION_TYPE,RAMP_INTERSECTION,SIDE_OF_HWY,TOW_AWAY,COLLISION_SEVERITY,NUMBER_KILLED,NUMBER_INJURED,PARTY_COUNT,PRIMARY_COLL_FACTOR,PCF_CODE_OF_VIOL,PCF_VIOL_CATEGORY,PCF_VIOLATION,PCF_VIOL_SUBSECTION,HIT_AND_RUN,TYPE_OF_COLLISION,MVIW,PED_ACTION,ROAD_SURFACE,ROAD_COND_1,ROAD_COND_2,LIGHTING,CONTROL_DEVICE,CHP_ROAD_TYPE,PEDESTRIAN_ACCIDENT,BICYCLE_ACCIDENT,MOTORCYCLE_ACCIDENT,TRUCK_ACCIDENT,NOT_PRIVATE_PROPERTY,ALCOHOL_INVOLVED,STWD_VEHTYPE_AT_FAULT,CHP_VEHTYPE_AT_FAULT,COUNT_SEVERE_INJ,COUNT_VISIBLE_INJ,COUNT_COMPLAINT_PAIN,COUNT_PED_KILLED,COUNT_PED_INJURED,COUNT_BICYCLIST_KILLED,COUNT_BICYCLIST_INJURED,COUNT_MC_KILLED,COUNT_MC_INJURED,PRIMARY_RAMP,SECONDARY_RAMP,LATITUDE,LONGITUDE
9045069,2020,20200303,101,20200121,944,56,330,2,5,5,101,0,0,0,,0,3,FERNSIDE BL,MORELAND DR,0,,Y,B,-,N,,,,,,,,,,Y,4,0,1,2,A,-,9,21802,A,N,D,C,A,A,H,-,A,A,0,,,,,Y,,A,1,0,0,1,0,0,0,0,0,0,-,-,,
9045148,2020,20200221,101,20200203,1138,70,330,1,5,5,101,0,0,0,,0,3,HIGH ST,FERNSIDE BL,28,N,N,A,-,N,,,,,,,,,,,0,0,0,2,A,-,3,22350,,N,C,C,A,A,H,-,A,A,0,,,,,Y,,A,7,0,0,0,0,0,0,0,0,0,-,-,37.76342,122.22626
9045157,2020,20201102,101,20200129,1415,56,325,3,5,5,101,0,0,0,,0,3,ENCINAL AV,PARK ST,0,,Y,A,-,Y,ALA,4,61,-,-,20.08,I,5,S,,0,0,0,2,A,-,9,21453,B,N,D,C,A,A,H,-,A,A,0,,,,,Y,,A,7,0,0,0,0,0,0,0,0,0,-,-,37.76191,122.24457
9045852,2019,20200220,101,20191213,2301,77,126,5,5,5,101,0,0,0,,0,1,5TH ST,CENTRAL AV,114,N,N,B,-,N,,,,,,,,,,Y,0,0,0,3,A,-,8,22107,,M,B,E,A,B,H,-,C,D,0,,,,,Y,,-,- ,0,0,0,0,0,0,0,0,0,-,-,,
9045856,2019,20200220,101,20191229,800,68,113,7,5,5,101,0,0,0,,0,1,MAIN ST,WILLIE STARGELL AV,0,,Y,B,-,N,,,,,,,,,,N,0,0,0,2,A,-,9,21801,A,M,A,C,A,B,H,-,A,A,0,,,,,Y,,A,1,0,0,0,0,0,0,0,0,0,-,-,,
9049635,2020,20200603,101,20200218,1900,50,310,2,5,5,101,0,0,0,,0,3,WALNUT ST,CLINTON AV,160,S,N,A,-,N,,,,,,,,,,Y,0,0,0,2,A,-,21,22106,,N,D,E,A,A,H,-,B,D,0,,,,Y,Y,,F,26,0,0,0,0,0,0,0,0,0,-,-,37.76164,122.25003
9049647,2020,20200603,101,20200222,421,77,243,6,5,5,101,0,0,0,,0,2,SANTA CLARA AV,SCHILLER ST,0,,Y,A,-,N,,,,,,,,,,Y,0,0,0,2,A,-,8,22107,,N,D,E,A,A,H,-,C,D,0,,,,,Y,,A,1,0,0,0,0,0,0,0,0,0,-,-,37.77045,122.25342
9049651,2020,20200527,101,20200224,1052,70,330,1,5,5,101,0,0,0,,0,3,FERNSIDE BL,YALE DR,68,W,N,A,-,N,,,,,,,,,,Y,4,0,1,3,A,-,8,22107,,N,B,E,A,A,H,-,A,D,0,,,,,Y,,D,22,0,0,1,0,0,0,0,0,0,-,-,,
9051800,2020,20201019,101,20200214,2210,77,142,5,5,5,101,0,0,0,,0,1,8TH ST,CENTRAL AV,0,,Y,A,-,Y,ALA,4,61,-,-,21.77,I,6,S,N,0,0,0,2,A,-,8,22107,,N,B,C,A,A,H,-,C,A,0,,,,,Y,,D,22,0,0,0,0,0,0,0,0,0,-,-,37.77134,122.2728
9051804,2020,20200320,101,20200214,2313,17,245,5,5,5,101,0,0,0,,0,2,LINCOLN AV,SCHILLER ST,103,W,N,A,-,N,,,,,,,,,,N,0,0,0,4,A,-,1,23152,A,N,B,E,A,A,H,-,C,D,0,,,,,Y,Y,A,1,0,0,0,0,0,0,0,0,0,-,-,37.77163,122.25257
9051808,2020,20200320,101,20200217,1006,70,208,1,5,5,101,0,0,0,,0,2,FORTMANN WY,GRAND ST,94,W,N,A,-,N,,,,,,,,,,N,0,0,0,2,A,-,8,22107,,N,B,E,A,A,H,-,A,D,0,,,,,Y,,I,11,0,0,0,0,0,0,0,0,0,-,-,37.77706,122.25224
9051844,2020,20200518,101,20200216,2308,17,105,7,5,5,101,0,0,0,,0,1,WEBSTER ST,WILLIE STARGELL AV,1354,N,N,A,-,N,,,,,,,,,,N,0,0,0,1,A,-,8,22107,,N,E,I,A,A,H,-,C,D,0,,,,,Y,,A,7,0,0,0,0,0,0,0,0,0,-,-,,
9052122,2020,20200302,101,20200116,1545,56,112,4,5,5,101,0,0,0,,0,1,RALPH APPEZZATO MEMORIAL PKWY,POGGI ST,284,W,N,C,-,N,,,,,,,,,,N,4,0,1,2,A,-,3,22350,,N,C,C,A,B,H,-,A,D,0,,,,,Y,,A,7,0,0,1,0,0,0,0,0,0,-,-,37.77992,122.28437
9052127,2020,20200302,101,20200117,1323,56,310,5,5,5,101,0,0,0,,0,3,CLINTON AV,OAK ST,180,W,N,A,-,,,,,,,,,,,N,4,0,1,2,A,-,21,22106,,N,G,B,F,A,H,-,A,D,0,Y,,,,Y,,A,1,0,0,1,0,1,0,0,0,0,-,-,37.75984,122.24753
9053903,2020,20200520,101,20200221,1416,56,326,5,5,5,101,0,0,0,,0,3,PARK ST,CENTRAL AV,77,N,N,A,-,N,,,,,,,,,,Y,4,0,1,2,A,-,3,22350,,N,C,C,A,A,H,-,A,D,0,,,,,Y,,A,1,0,0,1,0,0,0,0,0,0,-,-,37.76405,122.2428
9053907,2020,20200520,101,20200220,40,42,236,4,5,5,101,0,0,0,,0,3,LINCOLN AV,LEA CT,100,W,N,A,-,N,,,,,,,,,,Y,3,0,1,5,A,-,1,23152,A,M,B,E,A,A,H,-,C,D,0,,,,,Y,Y,A,1,0,1,0,0,0,0,0,0,0,-,-,37.76693,122.24369
9055398,2020,20200609,101,20200205,1815,80,112,3,5,5,101,0,0,0,,0,1,RALPH APPEZZATO MEMORIAL PKWY,CORAL SEA ST,41,,N,A,-,N,,,,,,,,,,N,0,0,0,2,A,-,8,22107,,N,B,C,A,A,H,-,B,A,0,,,,,Y,,E,22,0,0,0,0,0,0,0,0,0,-,-,,
9058476,2020,20200827,101,20200505,1754,95,245,2,5,5,101,0,0,0,,0,2,BUENA VISTA AV,UNION ST,0,,Y,A,-,N,,,,,,,,,,Y,0,0,0,2,A,-,9,21802,A,N,D,C,A,A,H,-,A,A,0,,,,,Y,,D,22,0,0,0,0,0,0,0,0,0,-,-,37.77361,122.25247
9058480,2020,20201110,101,20200501,917,56,318,5,5,5,101,0,0,0,,0,3,SAN JOSE AV,PARK AV,0,,Y,A,-,N,,,,,,,,,,N,3,0,1,2,A,-,10,21950,A,N,G,B,B,A,H,-,A,D,0,Y,,,,Y,,D,22,0,1,0,0,1,0,0,0,0,-,-,37.75955,122.24467
9058481,2020,20200908,101,20200507,2500,17,333,4,5,5,101,0,0,0,,0,3,COURT ST,SANTA CLARA AV,30,N,N,A,-,N,,,,,,,,,,,0,0,0,2,A,-,8,22107,A,M,B,E,A,A,H,-,A,D,0,,,,,Y,,-,99,0,0,0,0,0,0,0,0,0,-,-,,
9058482,2020,20200908,101,20200506,2320,20,252,3,5,5,101,0,0,0,,0,2,MARINA VILLAGE PKWY,CHALLENGER DR,0,,Y,A,-,N,,,,,,,,,,N,0,0,0,2,A,-,12,21453,A,M,D,C,A,A,H,-,C,A,0,,,,,Y,,A,1,0,0,0,0,0,0,0,0,0,-,-,37.78268,122.27152
9058512,2020,20200827,101,20200502,1934,63,316,6,5,5,101,0,0,0,,0,3,SHORELINE DR,BROADWAY,185,W,N,B,-,N,,,,,,,,,,Y,0,0,0,3,A,-,1,23152,A,N,C,E,A,A,H,-,B,D,0,,,,,Y,Y,A,1,0,0,0,0,0,0,0,0,0,-,-,37.75307,122.24665
9058520,2020,20200824,101,20200509,2215,15,216,6,5,5,101,0,0,0,,0,2,PORTOLA AV,BURBANK ST,52,E,N,A,-,N,,,,,,,,,,,0,0,0,2,A,-,8,22107,,M,B,E,A,A,H,-,C,D,0,,,,,Y,,A,1,0,0,0,0,0,0,0,0,0,-,-,37.7689,122.27198
9058564,2020,20200610,101,20200221,2500,46,326,5,5,5,101,0,0,0,,0,3,PARK ST,CENTRAL AV,42,S,N,A,-,N,,,,,,,,,,Y,0,0,0,2,A,-,8,22107,,M,B,E,A,A,H,-,A,D,0,,,,,Y,,-,99,0,0,0,0,0,0,0,0,0,-,-,37.76405,122.2428
9058568,2020,20200610,101,20200221,710,59,305,5,5,5,101,0,0,0,,0,3,LINCOLN AV,WALNUT ST,0,,Y,A,-,N,,,,,,,,,,N,0,0,0,2,A,-,3,22350,,M,C,C,A,A,H,-,A,D,0,,,,,Y,,A,1,0,0,0,0,0,0,0,0,0,-,-,37.76829,122.24523
9058720,2020,20200605,101,20200227,1114,56,325,4,5,5,101,0,0,0,,0,3,SAN JOSE AV,PARK ST,123,E,N,A,-,N,,,,,,,,,,,0,0,0,2,A,-,21,22106,,N,H,E,A,A,H,-,A,D,0,,,,,Y,,A,1,0,0,0,0,0,0,0,0,0,-,-,37.76079,122.24565
9058745,2020,20200521,101,20200224,1343,70,408,1,5,5,101,0,0,0,,0,4,SAND HARBOR RD,WELLFLEET BAY,122,N,N,A,-,N,,,,,,,,,,,0,0,0,2,A,-,21,22106,,N,D,E,A,A,H,-,A,D,0,,,,,Y,,A,1,0,0,0,0,0,0,0,0,0,-,-,37.73936,122.24164
9058749,2020,20200521,101,20200226,1115,70,305,3,5,5,101,0,0,0,,0,3,PARK ST,BUENA VISTA AV,42,N,N,A,-,N,,,,,,,,,,,0,0,0,1,A,-,8,22107,,N,E,I,A,A,H,-,A,D,0,,,,Y,Y,,F,26,0,0,0,0,0,0,0,0,0,-,-,37.76741,122.23973
9058753,2020,20200521,101,20200227,1613,44,126,4,5,5,101,0,0,0,,0,1,SANTA CLARA AV,6TH ST,235,W,N,A,-,N,,,,,,,,,,,0,0,0,2,A,-,21,22106,,N,C,E,A,A,H,-,A,D,0,,,,,Y,,D,22,0,0,0,0,0,0,0,0,0,-,-,,
9058757,2020,20200521,101,20200228,1030,56,210,5,5,5,101,0,0,0,,0,2,CLEMENT AV,WILLOW ST,0,,Y,A,-,N,,,,,,,,,,N,0,0,0,2,A,-,3,22350,,N,C,C,A,A,H,-,A,D,0,,,,,Y,,A,1,0,0,0,0,0,0,0,0,0,-,-,37.77248,122.2459
9058814,2020,20200615,101,20200215,15,63,326,6,5,5,101,0,0,0,,0,3,PARK ST,ENCINA AV,70,N,N,A,-,N,,,,,,,,,,,4,0,1,2,A,-,10,21954,B,F,G,B,E,A,H,-,C,A,0,Y,,,,Y,,A,1,0,0,1,0,1,0,0,0,0,-,-,37.76243,122.24425
9060485,2019,20200304,101,20191217,2119,9782,2,2,5,5,101,0,0,0,,0,31X,DALIY PARKING LOT,COWAN PKWY,50,,N,B,-,N,,,,,,,,,,N,0,0,0,2,A,-,21,22106,,N,C,C,A,A,H,-,C,D,0,,,,,Y,,A,1,0,0,0,0,0,0,0,0,0,-,-,,
9060587,2020,20200319,101,20200218,1903,10,407,2,5,5,101,0,0,0,,0,4,ROBERT DAVEY JR DR,OYSTER POND RD,308,N,N,A,-,N,,,,,,,,,,N,4,0,1,1,A,-,8,22107,,N,E,I,A,A,H,-,C,D,0,,,,,Y,,A,1,0,0,1,0,0,0,0,0,0,-,-,37.74253,122.24494
9060608,2020,20200305,101,20200131,633,56,306,5,5,5,101,0,0,0,,0,3,SANTA CLARA AV,WILLOW ST,0,,Y,A,-,N,,,,,,,,,,N,4,0,1,2,A,-,9,21802,A,N,H,G,A,A,H,-,C,A,0,,Y,,,Y,,A,7,0,0,1,0,0,0,1,0,0,-,-,37.7684,122.24891
9060612,2020,20200305,101,20200128,1633,70,120,2,5,5,101,0,0,0,,0,1,PACIFIC AV,MARSHALL WY,0,,Y,B,-,N,,,,,,,,,,N,4,0,1,2,A,-,8,22107,,N,H,G,A,A,H,-,A,D,0,,Y,,,Y,,A,7,0,0,1,0,0,0,1,0,0,-,-,37.77637,122.28585
9060616,2020,20200305,101,20200129,935,56,305,3,5,5,101,0,0,0,,0,3,PACIFIC AV,PARK ST,0,,Y,A,-,N,,,,,,,,,,N,3,0,1,2,A,-,10,21950,A,N,G,B,B,A,H,-,A,A,0,Y,,,,Y,,A,1,0,1,0,0,1,0,0,0,0,-,-,37.76712,122.24012
9060620,2020,20200305,101,20200131,904,56,124,5,5,5,101,0,0,0,,0,1,BUENA VISTA AV,GRESHAM DR,64,E,N,E,-,N,,,,,,,,,,N,4,0,1,2,A,-,9,21804,A,N,D,C,A,A,H,-,A,D,0,,,,,Y,,A,1,0,0,1,0,0,0,0,0,0,-,-,37.77721,122.28041
9060649,2020,20200505,101,20200211,1855,50,211,2,5,5,101,0,0,0,,0,2,CLEMENT AV,GRAND ST,0,,Y,A,-,N,,,,,,,,,,N,0,0,0,2,A,-,12,22450,A,N,D,C,A,A,-,-,C,A,0,,,,,Y,,A,1,0,0,0,0,0,0,0,0,0,-,-,,
9060654,2020,20200504,101,20200217,1014,65,221,1,5,5,101,0,0,0,,0,2,LINCOLN AV,STANTON ST,200,E,N,A,-,N,,,,,,,,,,N,0,0,0,2,A,-,17,23109,B,M,B,E,A,A,H,-,A,D,0,,,,,Y,,A,1,0,0,0,0,0,0,0,0,0,-,-,37.77426,122.25893
9060657,2020,20200505,101,20200211,1900,82,245,2,5,5,101,0,0,0,,0,2,CHESTNUT ST,PACIFIC AV,10,S,N,A,-,N,,,,,,,,,,N,0,0,0,2,A,-,8,22107,,M,-,E,A,A,H,-,C,A,0,,,,,Y,,-,99,0,0,0,0,0,0,0,0,0,-,-,37.77174,122.25029
9060663,2020,20200504,101,20200213,740,70,243,4,5,5,101,0,0,0,,0,2,LINCOLN AV,BENTON ST,240,E,N,B,-,,,,,,,,,,,N,0,0,0,2,A,-,9,21801,A,N,D,C,A,A,H,-,A,D,0,,,,,Y,,D,22,0,0,0,0,0,0,0,0,0,-,-,37.7743,122.26084
9060667,2020,20200504,101,20200212,2340,23,235,3,5,5,101,0,0,0,,0,2,SHORELINE DR,GRAND ST,0,,Y,-,-,N,,,,,,,,,,Y,0,0,0,1,A,-,1,23152,A,N,E,I,A,A,H,-,C,D,0,,,,,Y,Y,A,1,0,0,0,0,0,0,0,0,0,-,-,37.75964,122.2642
9060674,2020,20200407,101,20200215,2257,54,326,6,5,5,101,0,0,0,,0,3,PARK ST,SANTA CLARA AV,78,S,N,A,-,N,,,,,,,,,,N,0,0,0,2,A,-,17,22517,,N,B,E,A,A,H,-,C,D,0,,,,,Y,,A,1,0,0,0,0,0,0,0,0,0,-,-,37.76517,122.24182
9060678,2020,20200316,101,20200210,2500,58,131,1,5,5,101,0,0,0,,0,1,TIDEWAY DR,BALLENA BL,325,W,N,A,-,N,,,,,,,,,,N,0,0,0,2,A,-,8,22107,,M,B,E,A,A,H,-,A,D,0,,,,,Y,,-,,0,0,0,0,0,0,0,0,0,-,-,37.7703,122.28625
9060686,2020,20200528,101,20200211,2500,65,336,2,5,5,101,0,0,0,,0,3,LAGUNA VISTA,BAYVIEW DR,0,,N,A,-,N,,,,,,,,,,N,0,0,0,2,A,-,8,22107,,M,B,E,A,A,H,-,A,D,0,,,,,Y,,-,99,0,0,0,0,0,0,0,0,0,-,-,,
9060688,2020,20200316,101,20200218,1330,89,323,2,5,5,101,0,0,0,,0,3,BLANDING AV,PARK ST,0,,Y,A,-,N,,,,,,,,,,N,0,0,0,2,A,-,8,22100,A,N,B,C,A,A,H,-,A,A,0,,,,,Y,,A,1,0,0,0,0,0,0,0,0,0,-,-,37.77079,122.23731
9060692,2020,20200615,101,20200219,1058,56,331,3,5,5,101,0,0,0,,0,3,FERNSIDE BL,PEARL ST,0,,Y,A,-,N,,,,,,,,,,N,0,0,0,2,A,-,9,21802,A,N,D,C,A,A,H,-,A,A,0,,,,,Y,,A,1,0,0,0,0,0,0,0,0,0,-,-,,
9060734,2020,20200521,101,20200209,920,65,222,7,5,5,101,0,0,0,,0,2,CENTRAL AV,MORTON ST,0,,Y,A,-,N,,,,,,,,,,Y,3,0,1,2,A,-,9,21802,A,N,D,C,A,A,H,-,A,A,0,,,,,Y,,A,1,0,1,0,0,0,0,0,0,0,-,-,,
9060738,2020,20200521,101,20200208,36,80,425,6,5,5,101,0,0,0,,0,4,HARBOR RAY PKWY,C ST,93,E,N,A,-,N,,,,,,,,,,Y,3,0,1,2,A,-,9,21804,,N,D,C,A,A,H,-,C,D,0,,,,,Y,,A,7,0,1,0,0,0,0,0,0,0,-,-,,
9061068,2020,20200529,101,20200223,2500,21,327,7,5,5,101,0,0,0,,0,3,EVERETT ST,EAGLE AV,57,N,N,A,-,N,,,,,,,,,,N,0,0,0,2,A,-,8,22107,,M,E,E,A,-,H,-,C,A,0,,,,,Y,,-,99,0,0,0,0,0,0,0,0,0,-,-,,
9061072,2020,20200529,101,20200207,1739,80,330,5,5,5,101,0,0,0,,0,3,FERNSIDE BL,HIGH ST,0,,Y,A,-,N,,,,,,,,,,Y,0,0,0,2,D,-,0,,,N,D,C,A,A,H,-,A,A,0,,,,,Y,,-,- ,0,0,0,0,0,0,0,0,0,-,-,,
9061076,2020,20200529,101,20200206,2500,15,126,4,5,5,101,0,0,0,,0,1,6TH ST,PALACE CT,43,S,N,A,-,N,,,,,,,,,,N,0,0,0,2,A,-,8,22107,A,M,B,E,A,A,H,-,D,D,0,,,,,Y,,-,99,0,0,0,0,0,0,0,0,0,-,-,,
9061962,2020,20201016,101,20200228,1520,44,145,5,5,5,101,0,0,0,,0,1,WEBSTER ST,BUENA VISTA AV,0,,Y,A,-,N,,,,,,,,,,,0,0,0,2,A,-,4,21703,,M,F,C,A,A,H,-,A,D,0,,,,,Y,,D,22,0,0,0,0,0,0,0,0,0,-,-,37.77705,122.27661
9061966,2020,20200526,101,20200229,1014,81,346,6,5,5,101,0,0,0,,0,3,FERNSIDE BL,CALHOUN ST,107,N,N,A,-,N,,,,,,,,,,N,0,0,0,1,A,-,8,22107,,N,E,I,A,A,H,-,A,D,0,,,,Y,Y,,F,76,0,0,0,0,0,0,0,0,0,-,-,,
9063897,2020,20200313,101,20200227,807,56,213,4,5,5,101,0,0,0,,0,2,LINCOLN AV,8TH ST,58,E,N,A,-,N,,,,,,,,,,,0,0,0,2,A,-,3,22350,,N,C,C,A,A,H,-,A,A,0,,,,,Y,,J,48,0,0,0,0,0,0,0,0,0,-,-,37.77512,122.27268
9065629,2020,20201109,101,20200520,735,70,425,3,5,5,101,0,0,0,,0,4,RON COWAN PKWY,HARBOR BAY PKWY,0,,Y,B,-,N,,,,,,,,,,Y,4,0,1,2,A,-,12,21453,A,N,D,C,A,A,H,-,A,A,0,,,,,Y,,A,7,0,0,1,0,0,0,0,0,0,-,-,37.7272,122.22975
9065630,2020,20201109,101,20200518,2128,54,213,1,5,5,101,0,0,0,,0,2,CONSTITUTION WY,EAGLE AV,161,N,N,A,-,N,,,,,,,,,,Y,3,0,1,2,A,-,11,21954,A,N,G,B,D,A,H,-,C,A,0,Y,,,,Y,,N,60,0,1,0,0,1,0,0,0,0,-,-,37.77821,122.27435
9066076,2020,20200803,101,20200422,1532,56,223,3,5,5,101,0,0,0,,0,2,CLINTON AV,GRAND ST,0,,Y,A,-,N,,,,,,,,,,,4,0,1,2,A,-,9,21802,A,N,D,G,A,A,H,-,A,A,0,,Y,,,Y,,A,7,0,0,1,0,0,0,1,0,0,-,-,37.76612,122.2599
9066273,2020,20200714,101,20200330,1016,70,420,1,5,5,101,0,0,0,,0,4,ISLAND DR,MECARTNEY RD,728,N,N,A,-,N,,,,,,,,,,N,4,0,1,2,A,-,3,22350,,N,C,C,A,A,H,-,A,D,0,,,,,Y,,A,1,0,0,1,0,0,0,0,0,0,-,-,37.73551,122.23996
9066298,2020,20200724,101,20200410,2500,19,333,5,5,5,101,0,0,0,,0,3,CENTRAL AV,PEARL ST,88,W,N,A,-,N,,,,,,,,,,,0,0,0,2,A,-,3,22350,,M,A,E,A,A,H,-,A,D,0,,,,,Y,,-,99,0,0,0,0,0,0,0,0,0,-,-,,
9066312,2020,20200722,101,20200331,1602,70,333,2,5,5,101,0,0,0,,0,3,ENCINAL AV,VERSAILLES AV,14,W,N,A,-,N,,,,,,,,,,,0,0,0,1,A,-,8,22107,,N,E,I,A,A,H,-,A,D,0,,,,,Y,,A,7,0,0,0,0,0,0,0,0,0,-,-,37.75941,122.23856
9066520,2020,20200724,101,20200409,1030,51,415,4,5,5,101,0,0,0,,0,4,MECARTNEY RD,ISLAND DR,51,E,N,A,-,N,,,,,,,,,,,0,0,0,1,A,-,8,22107,,M,E,I,A,A,H,-,A,A,0,,,,,Y,Y,-,99,0,0,0,0,0,0,0,0,0,-,-,37.73551,122.23996
9066562,2020,20200818,101,20200406,2230,54,142,1,5,5,101,0,0,0,,0,1,8TH ST,HAIGHT AV,42,S,N,A,-,N,,,,,,,,,,N,4,0,1,2,A,-,3,22350,,F,C,C,A,A,H,-,C,D,0,,,,,Y,Y,A,1,0,0,1,0,0,0,0,0,0,-,-,37.77392,122.27275
9067804,2020,20200610,101,20200311,1710,44,124,3,5,5,101,0,0,0,,0,1,6TH ST,LINCOLN AV,0,,Y,A,-,N,,,,,,,,,,,0,0,0,2,A,-,9,21804,A,N,B,C,A,A,H,-,A,A,0,,,,,Y,,A,1,0,0,0,0,0,0,0,0,0,-,-,37.77512,122.27934
9067808,2020,20200624,101,20200311,1336,70,343,3,5,5,101,0,0,0,,0,3,FERNSIDE BL,HIGH ST,228,E,N,A,-,N,,,,,,,,,,Y,3,0,1,3,A,-,8,22107,,N,C,E,A,A,H,-,A,D,0,,,,,Y,,D,22,0,1,0,0,0,0,0,0,0,-,-,37.76342,122.22626
9067812,2020,20200610,101,20200311,1312,56,330,3,5,5,101,0,0,0,,0,3,FERNSIDE BL,HIGH ST,0,,Y,A,-,N,,,,,,,,,,,0,0,0,2,A,-,12,21453,A,N,D,C,A,A,H,-,A,A,0,,,,,Y,,A,7,0,0,0,0,0,0,0,0,0,-,-,37.76342,122.22626
9067816,2020,20200610,101,20200304,1438,51,331,3,5,5,101,0,0,0,,0,3,HIGH ST,BAYO VISTA AV,0,,Y,A,-,N,,,,,,,,,,,0,0,0,2,A,-,3,22350,,N,D,C,A,A,H,-,A,D,0,,,,,Y,,A,7,0,0,0,0,0,0,0,0,0,-,-,37.76269,122.22711
9069154,2020,20200608,101,20200228,1535,23,223,5,5,5,101,0,0,0,,0,2,GRAND AV,SAN JOSE AV,28,N,N,A,-,N,,,,,,,,,,N,0,0,0,2,A,-,6,21755,,M,D,C,A,A,H,-,A,D,0,,,,,Y,,A,1,0,0,0,0,0,0,0,0,0,-,-,37.76698,122.25927
9069227,2020,20201112,101,20200502,1120,70,318,6,5,5,101,0,0,0,,0,3,RT 61,BROADWAY,0,,Y,A,-,Y,ALA,4,61,-,-,19.84,I,5,S,N,4,0,1,2,A,-,12,21453,A,N,D,C,A,A,H,-,A,A,0,,,,,Y,,D,22,0,0,1,0,0,0,0,0,0,-,-,,
9069577,2020,20200703,101,20200316,2212,54,305,1,5,5,101,0,0,0,,0,3,PARK ST,BUENA VISTA AV,60,S,N,A,-,N,,,,,,,,,,Y,4,0,1,2,A,-,3,22350,,F,C,C,A,A,H,-,C,A,0,,,,,Y,Y,A,1,0,0,1,0,0,0,0,0,0,-,-,37.76835,122.23944
9069578,2020,20200703,101,20200329,1516,21,223,7,5,5,101,0,0,0,,0,2,CLINTON AV,PARU ST,0,,Y,B,-,N,,,,,,,,,,Y,4,0,1,2,A,-,12,22450,A,N,D,C,A,A,H,-,A,A,0,,,,,Y,,A,7,0,0,1,0,0,0,0,0,0,-,-,37.76637,122.26189
9069607,2020,20200713,101,20200327,1736,59,142,5,5,5,101,0,0,0,,0,1,CENTRAL AV,PAGE ST,213,E,N,A,-,N,,,,,,,,,,,0,0,0,2,A,-,17,22517,,N,D,G,A,A,H,-,A,D,0,,Y,,,Y,,A,1,0,0,0,0,0,0,0,0,0,-,-,37.77145,122.27504
9069608,2020,20200713,101,20200327,934,19,106,5,5,5,101,0,0,0,,0,1,WILLIE STARGELL AV,5TH ST,0,,Y,-,-,N,,,,,,,,,,Y,0,0,0,2,A,-,12,21453,A,N,D,C,A,A,H,-,A,A,0,,,,,Y,,A,1,0,0,0,0,0,0,0,0,0,-,-,37.785,122.28131
9069609,2020,20200713,101,20200311,2226,67,302,3,5,5,101,0,0,0,,0,3,OAK ST,CLEMENT AV,0,,Y,A,-,N,,,,,,,,,,,0,0,0,2,A,-,12,22450,A,M,D,C,A,A,H,-,C,D,0,,,,,Y,Y,A,1,0,0,0,0,0,0,0,0,0,-,-,37.77044,122.23991
9069610,2020,20200713,101,20200328,830,21,137,6,5,5,101,0,0,0,,0,1,CENTRAL AV,5TH ST,68,E,N,C,-,N,,,,,,,,,,,0,0,0,2,A,-,1,23152,A,M,B,E,A,B,H,-,A,A,0,,,,,Y,Y,A,8,0,0,0,0,0,0,0,0,0,-,-,37.77149,122.28255
9069613,2020,20200713,101,20200313,2215,65,245,5,5,5,101,0,0,0,,0,2,LINCOLN AV,WILLOW ST,0,,Y,A,-,N,,,,,,,,,,,0,0,0,2,A,-,12,21453,A,M,D,C,A,A,H,-,C,A,0,,,,,Y,,-,99,0,0,0,0,0,0,0,0,0,-,-,,
9069934,2020,20200827,101,20200429,1244,70,213,3,5,5,101,0,0,0,,0,2,BUENA VISTA AV,9TH AV,0,,Y,A,-,N,,,,,,,,,,,0,0,0,2,A,-,8,22107,,N,D,C,A,A,H,-,A,D,0,,,,,Y,,A,1,0,0,0,0,0,0,0,0,0,-,-,37.77708,122.27026
9069935,2020,20200827,101,20200427,1551,70,321,1,5,5,101,0,0,0,,0,3,BROADWAY,CENTRAL AV,0,,Y,A,-,N,,,,,,,,,,,0,0,0,2,A,-,12,21453,A,N,D,C,A,A,H,-,A,A,0,,,,,Y,,A,7,0,0,0,0,0,0,0,0,0,-,-,37.76279,122.23911